"files","basin","event.size.mm"
"Cdata_id_01013500.mat","01013500",5.38622994402031
"Cdata_id_01022500.mat","01022500",8.60382813049198
"Cdata_id_01030500.mat","01030500",6.1063011796115
"Cdata_id_01031500.mat","01031500",8.022776819433
"Cdata_id_01047000.mat","01047000",8.00621306796002
"Cdata_id_01052500.mat","01052500",6.89551358754697
"Cdata_id_01054200.mat","01054200",9.32455693506086
"Cdata_id_01055000.mat","01055000",7.72658485759992
"Cdata_id_01057000.mat","01057000",9.60023002520724
"Cdata_id_01073000.mat","01073000",10.4362468746294
"Cdata_id_01078000.mat","01078000",8.76564741030685
"Cdata_id_01118300.mat","01118300",11.5125051260464
"Cdata_id_01121000.mat","01121000",10.1995561795268
"Cdata_id_01123000.mat","01123000",10.5566573741095
"Cdata_id_01134500.mat","01134500",7.29074172950096
"Cdata_id_01137500.mat","01137500",8.2990040674345
"Cdata_id_01139000.mat","01139000",6.84526658758957
"Cdata_id_01139800.mat","01139800",8.19787892915641
"Cdata_id_01142500.mat","01142500",8.05750891346079
"Cdata_id_01144000.mat","01144000",6.91508958719548
"Cdata_id_01162500.mat","01162500",10.3053367541452
"Cdata_id_01169000.mat","01169000",8.90156751204897
"Cdata_id_01170100.mat","01170100",9.09946547956467
"Cdata_id_01181000.mat","01181000",9.23926401985417
"Cdata_id_01187300.mat","01187300",10.3792532161893
"Cdata_id_01333000.mat","01333000",8.79567923930374
"Cdata_id_01350000.mat","01350000",9.00225201561293
"Cdata_id_01350140.mat","01350140",8.46059201915276
"Cdata_id_01365000.mat","01365000",10.6032250372779
"Cdata_id_01411300.mat","01411300",10.3075329325243
"Cdata_id_01413500.mat","01413500",8.07158212957621
"Cdata_id_01414500.mat","01414500",9.13082391011542
"Cdata_id_01415000.mat","01415000",8.18091504127361
"Cdata_id_01423000.mat","01423000",7.04701607847201
"Cdata_id_01435000.mat","01435000",10.2952281501046
"Cdata_id_01439500.mat","01439500",8.55620833416116
"Cdata_id_01440000.mat","01440000",8.77045086760688
"Cdata_id_01440400.mat","01440400",9.08180427129472
"Cdata_id_01451800.mat","01451800",10.1531314679802
"Cdata_id_01466500.mat","01466500",11.6119467599709
"Cdata_id_01484100.mat","01484100",10.8811484030044
"Cdata_id_01485500.mat","01485500",10.5043970024414
"Cdata_id_01486000.mat","01486000",11.3183463756931
"Cdata_id_01487000.mat","01487000",10.2761931985569
"Cdata_id_01491000.mat","01491000",9.95364152959415
"Cdata_id_01510000.mat","01510000",6.15379162451009
"Cdata_id_01516500.mat","01516500",8.24668883641232
"Cdata_id_01532000.mat","01532000",7.56712020105096
"Cdata_id_01539000.mat","01539000",8.17472170108142
"Cdata_id_01542810.mat","01542810",7.56534863603256
"Cdata_id_01543000.mat","01543000",6.70253130944949
"Cdata_id_01543500.mat","01543500",6.24696935271576
"Cdata_id_01544500.mat","01544500",7.05991744222243
"Cdata_id_01545600.mat","01545600",7.6398494273958
"Cdata_id_01547700.mat","01547700",7.78051862298297
"Cdata_id_01548500.mat","01548500",6.16858491634624
"Cdata_id_01549500.mat","01549500",8.26446474069745
"Cdata_id_01550000.mat","01550000",7.3872844031766
"Cdata_id_01552000.mat","01552000",7.01181543356555
"Cdata_id_01552500.mat","01552500",9.22125499436305
"Cdata_id_01557500.mat","01557500",7.68463953970945
"Cdata_id_01567500.mat","01567500",10.1189163950235
"Cdata_id_01568000.mat","01568000",9.13863065450593
"Cdata_id_01580000.mat","01580000",9.08169648821002
"Cdata_id_01583500.mat","01583500",8.90791354710472
"Cdata_id_01591400.mat","01591400",9.61332595662022
"Cdata_id_01596500.mat","01596500",7.69514733433333
"Cdata_id_01605500.mat","01605500",7.1206342824352
"Cdata_id_01606500.mat","01606500",6.04855254848876
"Cdata_id_01613050.mat","01613050",8.86912827037569
"Cdata_id_01620500.mat","01620500",10.2103941825291
"Cdata_id_01632000.mat","01632000",7.61727714003977
"Cdata_id_01632900.mat","01632900",7.60307426743326
"Cdata_id_01634500.mat","01634500",8.71342662727374
"Cdata_id_01638480.mat","01638480",8.63843235363536
"Cdata_id_01639500.mat","01639500",8.63108115220022
"Cdata_id_01644000.mat","01644000",8.14410574551295
"Cdata_id_01658500.mat","01658500",10.2534236066322
"Cdata_id_01664000.mat","01664000",8.01802103323869
"Cdata_id_01666500.mat","01666500",8.9793809155131
"Cdata_id_01667500.mat","01667500",8.58877480444267
"Cdata_id_01669000.mat","01669000",9.89298798433511
"Cdata_id_02011400.mat","02011400",7.94720431812668
"Cdata_id_02011460.mat","02011460",8.18973318882494
"Cdata_id_02013000.mat","02013000",8.04223118049359
"Cdata_id_02014000.mat","02014000",8.00076050558337
"Cdata_id_02015700.mat","02015700",8.21008145973934
"Cdata_id_02016000.mat","02016000",7.29087103505892
"Cdata_id_02017500.mat","02017500",7.95395886721157
"Cdata_id_02018000.mat","02018000",7.49950155496165
"Cdata_id_02027000.mat","02027000",10.7246925777526
"Cdata_id_02027500.mat","02027500",12.0456897223446
"Cdata_id_02028500.mat","02028500",10.5335094810718
"Cdata_id_02038850.mat","02038850",11.1993043510703
"Cdata_id_02046000.mat","02046000",10.3282931380802
"Cdata_id_02051500.mat","02051500",9.26926655526903
"Cdata_id_02053200.mat","02053200",10.3617854850578
"Cdata_id_02053800.mat","02053800",9.08058615421195
"Cdata_id_02055100.mat","02055100",9.64916876740564
"Cdata_id_02056900.mat","02056900",8.88264996076633
"Cdata_id_02059500.mat","02059500",8.98429459892663
"Cdata_id_02064000.mat","02064000",10.070259596356
"Cdata_id_02065500.mat","02065500",10.6588861388609
"Cdata_id_02069700.mat","02069700",10.6541888853008
"Cdata_id_02070000.mat","02070000",9.95948091152632
"Cdata_id_02074500.mat","02074500",9.32219296293557
"Cdata_id_02077200.mat","02077200",9.97092629207614
"Cdata_id_02081500.mat","02081500",10.3869515303299
"Cdata_id_02082950.mat","02082950",9.96549046997668
"Cdata_id_02092500.mat","02092500",10.8155929808771
"Cdata_id_02102908.mat","02102908",11.6978539883623
"Cdata_id_02108000.mat","02108000",9.81937640885245
"Cdata_id_02111180.mat","02111180",9.00698316725081
"Cdata_id_02111500.mat","02111500",9.4859289647814
"Cdata_id_02112120.mat","02112120",9.66513525846192
"Cdata_id_02112360.mat","02112360",9.67997036861348
"Cdata_id_02118500.mat","02118500",9.33221929270115
"Cdata_id_02128000.mat","02128000",9.32999293110914
"Cdata_id_02137727.mat","02137727",9.68421359294397
"Cdata_id_02143000.mat","02143000",10.3416593177855
"Cdata_id_02143040.mat","02143040",12.695411996658
"Cdata_id_02149000.mat","02149000",9.96931317173125
"Cdata_id_02152100.mat","02152100",11.4094561592574
"Cdata_id_02177000.mat","02177000",12.4220777086519
"Cdata_id_02178400.mat","02178400",13.3250304603381
"Cdata_id_02202600.mat","02202600",11.2921031478429
"Cdata_id_02212600.mat","02212600",12.735374988223
"Cdata_id_02221525.mat","02221525",11.7557848302436
"Cdata_id_02231000.mat","02231000",9.60335950405701
"Cdata_id_02231342.mat","02231342",12.9971271810438
"Cdata_id_02245500.mat","02245500",10.7357119009211
"Cdata_id_02246000.mat","02246000",10.7383117915924
"Cdata_id_02296500.mat","02296500",10.1622195028857
"Cdata_id_02297155.mat","02297155",14.8327478002974
"Cdata_id_02297310.mat","02297310",11.3991417898508
"Cdata_id_02298123.mat","02298123",10.1374468499175
"Cdata_id_02298608.mat","02298608",12.7303846388847
"Cdata_id_02299950.mat","02299950",13.9471431560814
"Cdata_id_02300700.mat","02300700",13.0475795538759
"Cdata_id_02310947.mat","02310947",9.75170981412878
"Cdata_id_02312200.mat","02312200",10.3706897894209
"Cdata_id_02314500.mat","02314500",9.74103138434328
"Cdata_id_02315500.mat","02315500",8.53620598577777
"Cdata_id_02324400.mat","02324400",13.7321028698027
"Cdata_id_02327100.mat","02327100",13.413089669002
"Cdata_id_02342933.mat","02342933",14.2280919733555
"Cdata_id_02349900.mat","02349900",12.3679007861204
"Cdata_id_02361000.mat","02361000",11.838226733809
"Cdata_id_02369800.mat","02369800",14.106562059749
"Cdata_id_02371500.mat","02371500",11.8726867404382
"Cdata_id_02372250.mat","02372250",11.9099408292903
"Cdata_id_02374500.mat","02374500",13.8534020966211
"Cdata_id_02381600.mat","02381600",14.1995976250974
"Cdata_id_02395120.mat","02395120",13.2136265219994
"Cdata_id_02408540.mat","02408540",11.4784834099989
"Cdata_id_02422500.mat","02422500",12.6546457351469
"Cdata_id_02430085.mat","02430085",15.07101621601
"Cdata_id_02430615.mat","02430615",15.0950199060377
"Cdata_id_02450250.mat","02450250",13.0540715343242
"Cdata_id_02464000.mat","02464000",12.1963878795268
"Cdata_id_02465493.mat","02465493",14.2007367936714
"Cdata_id_02469800.mat","02469800",13.6020877113957
"Cdata_id_02472000.mat","02472000",11.7143204300687
"Cdata_id_02472500.mat","02472500",13.1788648523429
"Cdata_id_02479155.mat","02479155",14.8007965605179
"Cdata_id_02479300.mat","02479300",11.7990199802225
"Cdata_id_02479560.mat","02479560",11.7900593332354
"Cdata_id_02481000.mat","02481000",13.7212229576917
"Cdata_id_02481510.mat","02481510",11.8993012649939
"Cdata_id_03010655.mat","03010655",6.49397717026834
"Cdata_id_03011800.mat","03011800",7.39977212620921
"Cdata_id_03015500.mat","03015500",6.61904453791336
"Cdata_id_03021350.mat","03021350",7.16440676911445
"Cdata_id_03026500.mat","03026500",7.60807210541611
"Cdata_id_03028000.mat","03028000",7.2228479791588
"Cdata_id_03049000.mat","03049000",7.10283300121353
"Cdata_id_03049800.mat","03049800",7.54394820428538
"Cdata_id_03069500.mat","03069500",6.99433138631213
"Cdata_id_03070500.mat","03070500",7.2770109784413
"Cdata_id_03076600.mat","03076600",7.57436727588884
"Cdata_id_03078000.mat","03078000",7.53718709300363
"Cdata_id_03140000.mat","03140000",8.00310957350177
"Cdata_id_03144000.mat","03144000",7.61386325601041
"Cdata_id_03159540.mat","03159540",7.60460746795641
"Cdata_id_03161000.mat","03161000",9.14985221738791
"Cdata_id_03164000.mat","03164000",7.57965832085065
"Cdata_id_03165000.mat","03165000",11.1530155284087
"Cdata_id_03170000.mat","03170000",8.819950526556
"Cdata_id_03173000.mat","03173000",6.96555519650725
"Cdata_id_03180500.mat","03180500",7.49022105884722
"Cdata_id_03182500.mat","03182500",6.60060189993292
"Cdata_id_03186500.mat","03186500",8.20632644244106
"Cdata_id_03213700.mat","03213700",6.9519689077335
"Cdata_id_03237280.mat","03237280",9.66640797101547
"Cdata_id_03237500.mat","03237500",7.76040857893289
"Cdata_id_03238500.mat","03238500",8.06680589961993
"Cdata_id_03241500.mat","03241500",8.56519946263788
"Cdata_id_03280700.mat","03280700",9.65408392998246
"Cdata_id_03281500.mat","03281500",8.44913299509179
"Cdata_id_03285000.mat","03285000",9.11632549513313
"Cdata_id_03291780.mat","03291780",10.579640858209
"Cdata_id_03340800.mat","03340800",8.82946956662351
"Cdata_id_03346000.mat","03346000",8.29757168249473
"Cdata_id_03357350.mat","03357350",10.3324592514337
"Cdata_id_03364500.mat","03364500",8.83939829724277
"Cdata_id_03366500.mat","03366500",8.95260518633424
"Cdata_id_03368000.mat","03368000",10.3289236499508
"Cdata_id_03384450.mat","03384450",12.7727095641788
"Cdata_id_03439000.mat","03439000",13.5614326264062
"Cdata_id_03455500.mat","03455500",13.9649174236677
"Cdata_id_03456500.mat","03456500",11.4594807311852
"Cdata_id_03460000.mat","03460000",11.0277710366403
"Cdata_id_03463300.mat","03463300",11.2627626590808
"Cdata_id_03471500.mat","03471500",8.2720353699929
"Cdata_id_03473000.mat","03473000",7.5758263031567
"Cdata_id_03479000.mat","03479000",9.01190284627106
"Cdata_id_03488000.mat","03488000",7.40077479855198
"Cdata_id_03498500.mat","03498500",9.029169819421
"Cdata_id_03500000.mat","03500000",12.7154833189378
"Cdata_id_03500240.mat","03500240",13.190430653487
"Cdata_id_03504000.mat","03504000",14.7694763772471
"Cdata_id_03574500.mat","03574500",10.64060907972
"Cdata_id_03592718.mat","03592718",13.9542164620545
"Cdata_id_03604000.mat","03604000",11.6983421834382
"Cdata_id_04015330.mat","04015330",6.34478450474307
"Cdata_id_04024430.mat","04024430",6.02866189381082
"Cdata_id_04027000.mat","04027000",5.55008651819323
"Cdata_id_04040500.mat","04040500",5.73408044418334
"Cdata_id_04043050.mat","04043050",5.85227030575053
"Cdata_id_04045500.mat","04045500",5.13682589706446
"Cdata_id_04056500.mat","04056500",4.85415254198876
"Cdata_id_04057510.mat","04057510",5.6520149160676
"Cdata_id_04057800.mat","04057800",6.04396280469365
"Cdata_id_04059500.mat","04059500",4.77255625588748
"Cdata_id_04063700.mat","04063700",5.59882937808734
"Cdata_id_04074950.mat","04074950",5.35116585480145
"Cdata_id_04105700.mat","04105700",6.98305231732294
"Cdata_id_04122200.mat","04122200",6.36434151544429
"Cdata_id_04122500.mat","04122500",5.91147970368166
"Cdata_id_04124000.mat","04124000",4.42566936918394
"Cdata_id_04127997.mat","04127997",5.35123381904262
"Cdata_id_04161580.mat","04161580",7.57005182403918
"Cdata_id_04185000.mat","04185000",6.42659224556352
"Cdata_id_04196800.mat","04196800",6.5301288913307
"Cdata_id_04197100.mat","04197100",6.79986196556303
"Cdata_id_04213000.mat","04213000",6.94399614033843
"Cdata_id_04216418.mat","04216418",6.34389598350853
"Cdata_id_04221000.mat","04221000",6.1044285135258
"Cdata_id_04224775.mat","04224775",6.35488594225876
"Cdata_id_04233000.mat","04233000",6.72094982192964
"Cdata_id_04256000.mat","04256000",6.92466842547812
"Cdata_id_04296000.mat","04296000",6.06784678940786
"Cdata_id_05056000.mat","05056000",3.72174593523326
"Cdata_id_05057000.mat","05057000",3.50282812326047
"Cdata_id_05057200.mat","05057200",5.40757178496027
"Cdata_id_05120500.mat","05120500",5.69609418644029
"Cdata_id_05123400.mat","05123400",3.81429980508955
"Cdata_id_05129115.mat","05129115",4.50528106163684
"Cdata_id_05131500.mat","05131500",4.00591974108056
"Cdata_id_05291000.mat","05291000",6.4444872357899
"Cdata_id_05362000.mat","05362000",5.74682233663839
"Cdata_id_05393500.mat","05393500",7.16020604098397
"Cdata_id_05399500.mat","05399500",6.41525275474244
"Cdata_id_05408000.mat","05408000",7.51058429381165
"Cdata_id_05412500.mat","05412500",6.62209692103895
"Cdata_id_05413500.mat","05413500",7.70180613894377
"Cdata_id_05414000.mat","05414000",7.79379953544217
"Cdata_id_05444000.mat","05444000",8.26347796517305
"Cdata_id_05454000.mat","05454000",8.9195461437951
"Cdata_id_05458000.mat","05458000",7.33605422827578
"Cdata_id_05466500.mat","05466500",6.88805698718951
"Cdata_id_05487980.mat","05487980",7.91598156391779
"Cdata_id_05489000.mat","05489000",8.36184344835233
"Cdata_id_05495000.mat","05495000",7.96905385399546
"Cdata_id_05495500.mat","05495500",8.53843062427912
"Cdata_id_05501000.mat","05501000",8.88530204581492
"Cdata_id_05503800.mat","05503800",10.4895338128744
"Cdata_id_05507600.mat","05507600",9.57755060819241
"Cdata_id_05508805.mat","05508805",9.30732220560161
"Cdata_id_05514500.mat","05514500",8.27551599999784
"Cdata_id_05525500.mat","05525500",7.56218965363301
"Cdata_id_05556500.mat","05556500",7.66867070194047
"Cdata_id_05584500.mat","05584500",7.89044063815424
"Cdata_id_05585000.mat","05585000",7.47385902872715
"Cdata_id_05591550.mat","05591550",9.40527938251655
"Cdata_id_05592050.mat","05592050",9.05295645430654
"Cdata_id_05593575.mat","05593575",9.98418034431989
"Cdata_id_05593900.mat","05593900",9.70303605226945
"Cdata_id_05595730.mat","05595730",10.2909062509547
"Cdata_id_06191500.mat","06191500",3.17746193195619
"Cdata_id_06224000.mat","06224000",4.79795910960101
"Cdata_id_06278300.mat","06278300",6.32030878603983
"Cdata_id_06280300.mat","06280300",4.5503684493829
"Cdata_id_06289000.mat","06289000",5.1085834117069
"Cdata_id_06311000.mat","06311000",5.95786313123165
"Cdata_id_06332515.mat","06332515",5.5983490036588
"Cdata_id_06339100.mat","06339100",4.96538709833394
"Cdata_id_06339500.mat","06339500",3.89687846093879
"Cdata_id_06344600.mat","06344600",4.94340147959532
"Cdata_id_06350000.mat","06350000",4.39143867804893
"Cdata_id_06352000.mat","06352000",4.47214884273096
"Cdata_id_06353000.mat","06353000",3.85479897737904
"Cdata_id_06354000.mat","06354000",3.23215211716387
"Cdata_id_06360500.mat","06360500",3.31760041397548
"Cdata_id_06404000.mat","06404000",5.91633088875217
"Cdata_id_06406000.mat","06406000",5.1989077637776
"Cdata_id_06409000.mat","06409000",5.34389495439039
"Cdata_id_06431500.mat","06431500",5.66758295374316
"Cdata_id_06447000.mat","06447000",3.35814844036109
"Cdata_id_06447500.mat","06447500",5.81603665157383
"Cdata_id_06450500.mat","06450500",4.58215465216236
"Cdata_id_06452000.mat","06452000",3.04760981219884
"Cdata_id_06453600.mat","06453600",5.91498094987859
"Cdata_id_06464500.mat","06464500",5.3640445161101
"Cdata_id_06468170.mat","06468170",4.70099365746587
"Cdata_id_06470800.mat","06470800",6.17834760265709
"Cdata_id_06477500.mat","06477500",6.21243536418013
"Cdata_id_06479438.mat","06479438",6.26230631825137
"Cdata_id_06601000.mat","06601000",8.35028830499012
"Cdata_id_06614800.mat","06614800",8.51962754555198
"Cdata_id_06622700.mat","06622700",6.38829366275184
"Cdata_id_06623800.mat","06623800",7.19881049398683
"Cdata_id_06632400.mat","06632400",6.27182468988461
"Cdata_id_06746095.mat","06746095",8.15682540391646
"Cdata_id_06784000.mat","06784000",5.05002714671576
"Cdata_id_06803510.mat","06803510",8.9121359509412
"Cdata_id_06803530.mat","06803530",8.58551550501042
"Cdata_id_06814000.mat","06814000",8.85870497731129
"Cdata_id_06847900.mat","06847900",6.37773033148303
"Cdata_id_06853800.mat","06853800",8.09524028436
"Cdata_id_06876700.mat","06876700",8.29611282567458
"Cdata_id_06878000.mat","06878000",8.31750106850871
"Cdata_id_06879650.mat","06879650",10.8472284319029
"Cdata_id_06885500.mat","06885500",9.20634667410956
"Cdata_id_06888500.mat","06888500",9.05786661343418
"Cdata_id_06889200.mat","06889200",9.98815538604057
"Cdata_id_06889500.mat","06889500",8.87963770845954
"Cdata_id_06892000.mat","06892000",8.57018290416933
"Cdata_id_06903400.mat","06903400",8.49206614422755
"Cdata_id_06910800.mat","06910800",10.3187586365398
"Cdata_id_06911900.mat","06911900",10.505513099468
"Cdata_id_06917000.mat","06917000",11.0203610602226
"Cdata_id_06918460.mat","06918460",10.5958647250553
"Cdata_id_06919500.mat","06919500",10.6523415623896
"Cdata_id_06921070.mat","06921070",10.2917283638252
"Cdata_id_06921200.mat","06921200",11.6295433019674
"Cdata_id_07014500.mat","07014500",8.59403199155291
"Cdata_id_07056000.mat","07056000",11.1607319670958
"Cdata_id_07057500.mat","07057500",10.4562639825218
"Cdata_id_07060710.mat","07060710",13.4407515946067
"Cdata_id_07066000.mat","07066000",11.6398355882607
"Cdata_id_07067000.mat","07067000",9.34588719080903
"Cdata_id_07068000.mat","07068000",8.67836814865538
"Cdata_id_07071500.mat","07071500",9.7738165416592
"Cdata_id_07083000.mat","07083000",5.96809414991247
"Cdata_id_07142300.mat","07142300",8.21893335453134
"Cdata_id_07145700.mat","07145700",10.7484145141732
"Cdata_id_07148400.mat","07148400",8.46912647106499
"Cdata_id_07149000.mat","07149000",8.60907634461501
"Cdata_id_07151500.mat","07151500",8.47124284349868
"Cdata_id_07167500.mat","07167500",11.2601112180512
"Cdata_id_07180500.mat","07180500",12.4388997902689
"Cdata_id_07184000.mat","07184000",10.9722837123569
"Cdata_id_07195800.mat","07195800",13.4405174485654
"Cdata_id_07196900.mat","07196900",13.7519957389933
"Cdata_id_07197000.mat","07197000",11.9152761965748
"Cdata_id_07208500.mat","07208500",7.27070248434686
"Cdata_id_07226500.mat","07226500",4.25292211624834
"Cdata_id_07261000.mat","07261000",13.0014820405455
"Cdata_id_07291000.mat","07291000",14.3225826871754
"Cdata_id_07292500.mat","07292500",12.27461551448
"Cdata_id_07299670.mat","07299670",9.2483902499369
"Cdata_id_07301410.mat","07301410",9.41746347241895
"Cdata_id_07301500.mat","07301500",5.8685182897898
"Cdata_id_07315200.mat","07315200",11.5133227193185
"Cdata_id_07315700.mat","07315700",10.898446997943
"Cdata_id_07335700.mat","07335700",16.9191546852585
"Cdata_id_07340300.mat","07340300",14.9578608082253
"Cdata_id_07346045.mat","07346045",11.872375846795
"Cdata_id_07362100.mat","07362100",12.6365991368893
"Cdata_id_07373000.mat","07373000",14.6497900717803
"Cdata_id_07375000.mat","07375000",13.8681083453873
"Cdata_id_08013000.mat","08013000",11.6215767601116
"Cdata_id_08014500.mat","08014500",12.2853984106567
"Cdata_id_08023080.mat","08023080",13.8641835305843
"Cdata_id_08029500.mat","08029500",14.7464950981845
"Cdata_id_08066200.mat","08066200",13.7747193874332
"Cdata_id_08066300.mat","08066300",13.5373149004143
"Cdata_id_08070000.mat","08070000",11.6439011256692
"Cdata_id_08079600.mat","08079600",6.43128964054019
"Cdata_id_08082700.mat","08082700",10.6032748289703
"Cdata_id_08086212.mat","08086212",9.0550251900642
"Cdata_id_08086290.mat","08086290",9.91021583993614
"Cdata_id_08101000.mat","08101000",9.37311659130413
"Cdata_id_08103900.mat","08103900",12.2447123885166
"Cdata_id_08104900.mat","08104900",10.5237581862658
"Cdata_id_08109700.mat","08109700",11.0674457797992
"Cdata_id_08150800.mat","08150800",10.2405861246212
"Cdata_id_08158700.mat","08158700",10.9421832892734
"Cdata_id_08158810.mat","08158810",11.9404571005649
"Cdata_id_08164000.mat","08164000",9.03045936796022
"Cdata_id_08164300.mat","08164300",11.0920403726955
"Cdata_id_08164600.mat","08164600",12.5020454012287
"Cdata_id_08165300.mat","08165300",12.2730870765001
"Cdata_id_08171300.mat","08171300",9.41182468290798
"Cdata_id_08175000.mat","08175000",8.89272683919625
"Cdata_id_08176900.mat","08176900",10.8447591711726
"Cdata_id_08189500.mat","08189500",8.6454511370608
"Cdata_id_08190000.mat","08190000",9.36289349268342
"Cdata_id_08190500.mat","08190500",9.95322418854657
"Cdata_id_08194200.mat","08194200",9.70117729254784
"Cdata_id_08195000.mat","08195000",11.1570255990486
"Cdata_id_08196000.mat","08196000",12.3503720825407
"Cdata_id_08198500.mat","08198500",10.2065860957009
"Cdata_id_08200000.mat","08200000",11.4265924721508
"Cdata_id_08202700.mat","08202700",10.1446872594799
"Cdata_id_08267500.mat","08267500",7.51665380874612
"Cdata_id_08269000.mat","08269000",6.68839828239002
"Cdata_id_08271000.mat","08271000",8.23339392224145
"Cdata_id_08324000.mat","08324000",5.65233518978523
"Cdata_id_08377900.mat","08377900",8.28627590729497
"Cdata_id_08378500.mat","08378500",7.24477924952188
"Cdata_id_08380500.mat","08380500",7.24485655214233
"Cdata_id_09034900.mat","09034900",7.28213653471646
"Cdata_id_09035800.mat","09035800",6.86052429638793
"Cdata_id_09035900.mat","09035900",6.07106537219507
"Cdata_id_09047700.mat","09047700",5.58150135868089
"Cdata_id_09065500.mat","09065500",7.11140654163672
"Cdata_id_09066000.mat","09066000",5.85469907862704
"Cdata_id_09066200.mat","09066200",7.84221414846732
"Cdata_id_09066300.mat","09066300",7.27234338877283
"Cdata_id_09081600.mat","09081600",6.66516632053463
"Cdata_id_09210500.mat","09210500",4.32678209944559
"Cdata_id_09223000.mat","09223000",5.46813311944551
"Cdata_id_09306242.mat","09306242",6.79248565075342
"Cdata_id_09312600.mat","09312600",5.70427165940664
"Cdata_id_09352900.mat","09352900",6.73973854006235
"Cdata_id_09378630.mat","09378630",9.62696650101369
"Cdata_id_09386900.mat","09386900",7.06186888187891
"Cdata_id_09404450.mat","09404450",6.96072524859554
"Cdata_id_09430500.mat","09430500",4.68836551682314
"Cdata_id_09430600.mat","09430600",8.25892291297205
"Cdata_id_09480000.mat","09480000",8.11944622387405
"Cdata_id_09492400.mat","09492400",8.51164758462468
"Cdata_id_09494000.mat","09494000",6.11890879100571
"Cdata_id_09497980.mat","09497980",8.35290432016597
"Cdata_id_09505350.mat","09505350",8.03859029771011
"Cdata_id_09505800.mat","09505800",7.71746607234209
"Cdata_id_09508300.mat","09508300",9.72871604514826
"Cdata_id_09510200.mat","09510200",8.71675508435727
"Cdata_id_09512280.mat","09512280",9.91347599076894
"Cdata_id_09513780.mat","09513780",9.6053161311434
"Cdata_id_10172700.mat","10172700",7.67507246594837
"Cdata_id_10172800.mat","10172800",10.1110183415248
"Cdata_id_10173450.mat","10173450",6.66701691823066
"Cdata_id_10205030.mat","10205030",6.58019247757788
"Cdata_id_10234500.mat","10234500",7.98729934916745
"Cdata_id_10242000.mat","10242000",7.83098007738284
"Cdata_id_10244950.mat","10244950",8.4623761277732
"Cdata_id_10249300.mat","10249300",9.04930151610248
"Cdata_id_10258500.mat","10258500",11.280631477422
"Cdata_id_10259000.mat","10259000",16.9239981447584
"Cdata_id_10259200.mat","10259200",14.6301391799487
"Cdata_id_10263500.mat","10263500",18.2256042080717
"Cdata_id_10316500.mat","10316500",10.5964093589736
"Cdata_id_10329500.mat","10329500",6.52196443226501
"Cdata_id_10336660.mat","10336660",17.1812873275335
"Cdata_id_10343500.mat","10343500",12.4565495864248
"Cdata_id_10396000.mat","10396000",6.92077361881716
"Cdata_id_11098000.mat","11098000",19.1606868192664
"Cdata_id_11124500.mat","11124500",18.4087206021005
"Cdata_id_11141280.mat","11141280",14.0830053514544
"Cdata_id_11143000.mat","11143000",16.6773509501418
"Cdata_id_11148900.mat","11148900",13.3756473860229
"Cdata_id_11151300.mat","11151300",8.69898158220048
"Cdata_id_11162500.mat","11162500",13.9870530615749
"Cdata_id_11176400.mat","11176400",7.50708055002519
"Cdata_id_11180500.mat","11180500",8.39356200673628
"Cdata_id_11180960.mat","11180960",9.00994352543305
"Cdata_id_11224500.mat","11224500",10.2162350491764
"Cdata_id_11230500.mat","11230500",10.1300388090182
"Cdata_id_11237500.mat","11237500",17.1422352331242
"Cdata_id_11253310.mat","11253310",10.2157272548153
"Cdata_id_11264500.mat","11264500",11.6908093160601
"Cdata_id_11266500.mat","11266500",11.603619730254
"Cdata_id_11274500.mat","11274500",6.38178511551062
"Cdata_id_11274630.mat","11274630",6.99947791427313
"Cdata_id_11284400.mat","11284400",15.7724284304677
"Cdata_id_11381500.mat","11381500",13.3604879478887
"Cdata_id_11383500.mat","11383500",14.2573437051392
"Cdata_id_11451100.mat","11451100",14.0123277890504
"Cdata_id_11468500.mat","11468500",14.4883344378079
"Cdata_id_11473900.mat","11473900",12.8846769055757
"Cdata_id_11475560.mat","11475560",21.6579154317726
"Cdata_id_11476600.mat","11476600",17.4631740168433
"Cdata_id_11478500.mat","11478500",16.2516407644897
"Cdata_id_11480390.mat","11480390",16.0510605276455
"Cdata_id_11481200.mat","11481200",13.3770122768971
"Cdata_id_11482500.mat","11482500",12.7511065895295
"Cdata_id_11522500.mat","11522500",10.0130632209781
"Cdata_id_11523200.mat","11523200",10.1285918435105
"Cdata_id_11528700.mat","11528700",12.850209941887
"Cdata_id_11532500.mat","11532500",14.9621729206544
"Cdata_id_12010000.mat","12010000",13.8006831119325
"Cdata_id_12013500.mat","12013500",11.8609099745308
"Cdata_id_12020000.mat","12020000",13.2076866686367
"Cdata_id_12025700.mat","12025700",9.76362908796154
"Cdata_id_12035000.mat","12035000",13.5811204442508
"Cdata_id_12040500.mat","12040500",15.081581755892
"Cdata_id_12041200.mat","12041200",15.1102672324739
"Cdata_id_12048000.mat","12048000",13.6275870737319
"Cdata_id_12054000.mat","12054000",15.7144022006244
"Cdata_id_12056500.mat","12056500",16.8321929925663
"Cdata_id_12073500.mat","12073500",8.99823721198544
"Cdata_id_12082500.mat","12082500",13.4816477413562
"Cdata_id_12092000.mat","12092000",13.766089164702
"Cdata_id_12114500.mat","12114500",14.2687516479472
"Cdata_id_12115000.mat","12115000",13.6831791632779
"Cdata_id_12115500.mat","12115500",14.2542445105737
"Cdata_id_12117000.mat","12117000",12.2857939671467
"Cdata_id_12145500.mat","12145500",10.6438633359939
"Cdata_id_12147500.mat","12147500",14.8896707620101
"Cdata_id_12147600.mat","12147600",16.5383765977623
"Cdata_id_12167000.mat","12167000",12.2213593936107
"Cdata_id_12175500.mat","12175500",11.4067074374635
"Cdata_id_12178100.mat","12178100",13.1282207705081
"Cdata_id_12186000.mat","12186000",11.8691529310369
"Cdata_id_12189500.mat","12189500",10.0832778747298
"Cdata_id_12358500.mat","12358500",5.55811847032372
"Cdata_id_12390700.mat","12390700",6.72388076443319
"Cdata_id_12411000.mat","12411000",7.17870528659006
"Cdata_id_12414500.mat","12414500",6.87658030759084
"Cdata_id_12447390.mat","12447390",7.82054895189937
"Cdata_id_12451000.mat","12451000",9.90380547929397
"Cdata_id_12488500.mat","12488500",9.92139594200914
"Cdata_id_13011500.mat","13011500",5.61847374433373
"Cdata_id_13011900.mat","13011900",5.03977393125526
"Cdata_id_13018300.mat","13018300",7.32604623648386
"Cdata_id_13023000.mat","13023000",5.64480510508519
"Cdata_id_13083000.mat","13083000",6.07893548883678
"Cdata_id_13161500.mat","13161500",4.74479738498526
"Cdata_id_13235000.mat","13235000",7.19678236677713
"Cdata_id_13240000.mat","13240000",9.93447685024236
"Cdata_id_13313000.mat","13313000",9.47938389453255
"Cdata_id_13331500.mat","13331500",6.70727858157071
"Cdata_id_13337000.mat","13337000",6.37181038125949
"Cdata_id_13338500.mat","13338500",4.6597079457562
"Cdata_id_13340000.mat","13340000",4.69059504212136
"Cdata_id_13340600.mat","13340600",6.89391208911854
"Cdata_id_14020000.mat","14020000",7.51032687816188
"Cdata_id_14137000.mat","14137000",11.5015853801934
"Cdata_id_14138800.mat","14138800",16.7381446851502
"Cdata_id_14138870.mat","14138870",17.7293598346602
"Cdata_id_14138900.mat","14138900",18.7754632202922
"Cdata_id_14139800.mat","14139800",15.6355069258979
"Cdata_id_14141500.mat","14141500",14.0894223395793
"Cdata_id_14154500.mat","14154500",9.6624201261258
"Cdata_id_14158500.mat","14158500",13.7872462775566
"Cdata_id_14158790.mat","14158790",14.4141894951273
"Cdata_id_14166500.mat","14166500",10.3190580969239
"Cdata_id_14182500.mat","14182500",12.765273419479
"Cdata_id_14185000.mat","14185000",11.5589170296969
"Cdata_id_14185900.mat","14185900",13.6877892524174
"Cdata_id_14222500.mat","14222500",13.6998596025873
"Cdata_id_14236200.mat","14236200",10.4439426127036
"Cdata_id_14301000.mat","14301000",9.91944756543312
"Cdata_id_14305500.mat","14305500",13.1252001920336
"Cdata_id_14306500.mat","14306500",11.8101201753673
"Cdata_id_14309500.mat","14309500",11.5597119095219
"Cdata_id_14316700.mat","14316700",9.97785274260254
"Cdata_id_14325000.mat","14325000",16.1680176901529
"Cdata_id_14400000.mat","14400000",14.620744791851
