"basin","sand.prc","k.log","precip.mm","pet.mm","precip.winter","precip.summer","elev.m.min","elev.m.mean","elev.m.max","elev.m.range","flat.overall","flat.upland","defc.mm","flat.lowland","dryness","class.Wolock","class.sand","class.perm","class.climate","class.seasonality","class.terrain","class.Leibowitz"
1013500,29.87,-13.19,1138,419,0.9,1.2,166,277.3,564,398,6.22,0.42,719,99.58,0.631810193321617,3,"L","L","W","S","M","W-S-L-M-L"
1022500,35.18,-13.22,1312,453,1.1,0.9,20,100.7,400,380,21.83,20.61,859,79.39,0.654725609756098,6,"L","L","W","W","T","W-W-L-T-L"
1030500,30.11,-12.66,1183,449,0.9,1.1,82,175.7,677,595,21,7.63,734,92.37,0.620456466610313,3,"L","H","W","S","T","W-S-H-T-L"
1031500,24.77,-12.94,1262,447,0.9,1.1,116,303.2,748,632,0.79,37.5,815,62.5,0.645800316957211,5,"L","L","W","S","M","W-S-L-M-L"
1047000,38.21,-12.97,1205,442,0.9,1.1,104,378.7,1250,1146,2.66,9.43,763,90.57,0.633195020746888,3,"L","L","W","S","M","W-S-L-M-L"
1052500,40.28,-12.72,1367,417,0.9,1.2,405,644.1,1062,657,0,0,950,100,0.6949524506218,3,"H","H","V","S","M","V-S-H-M-H"
1054200,37.88,-13.96,1456,434,0.9,1.1,227,634.1,1397,1170,0,0,1022,100,0.701923076923077,6,"L","L","V","S","M","V-S-L-M-L"
1055000,34.98,-13.02,1243,429,0.9,1.2,203,568.8,1075,872,0,0,814,100,0.654867256637168,3,"L","L","W","S","M","W-S-L-M-L"
1057000,36.1,-12.91,1270,459,0.9,1.1,138,286.7,684,546,0,0,811,100,0.638582677165354,3,"L","L","W","S","M","W-S-L-M-L"
1073000,61.83,-14.05,1250,501,0.9,1,33,66.9,118,85,16.24,6.25,749,93.75,0.5992,6,"H","L","W","S","T","W-S-L-T-H"
1078000,56.1,-13.75,1279,481,0.9,1.1,144,366.7,766,622,0.07,0,798,100,0.623924941360438,6,"H","L","W","S","M","W-S-L-M-H"
1118300,43.81,-13.11,1404,462,1,0.9,62,115,165,103,0,0,942,100,0.670940170940171,6,"H","L","V","W","T","V-W-L-T-H"
1121000,47.57,-13.89,1363,489,0.9,1,113,205.4,356,243,0.69,33.33,874,66.67,0.641232575201761,6,"H","L","W","S","T","W-S-L-T-H"
1123000,51.68,-14.27,1397,487,1,1,79,159.9,235,156,1.44,71.43,910,28.57,0.651395848246242,5,"H","L","W","S","T","W-S-L-T-H"
1134500,37.17,-14.14,1280,441,0.8,1.2,344,543.2,986,642,0.47,0,839,100,0.65546875,6,"L","L","W","S","M","W-S-L-M-L"
1137500,62.22,-13.95,1446,427,0.9,1.1,391,756.9,1827,1436,0,0,1019,100,0.704702627939142,6,"H","L","V","S","M","V-S-L-M-H"
1139000,44.49,-12.06,1137,454,0.8,1.2,174,424.6,1001,827,0,0,683,100,0.600703605980651,3,"H","H","W","S","M","W-S-H-M-H"
1139800,55.91,-11.79,1189,437,0.8,1.2,388,563.3,710,322,0,0,752,100,0.632464255677039,3,"H","H","W","S","M","W-S-H-M-H"
1142500,45.88,-11.92,1197,462,0.8,1.2,201,415.1,675,474,0,0,735,100,0.614035087719298,3,"H","H","W","S","M","W-S-H-M-H"
1144000,50.84,-12.26,1229,458,0.8,1.2,126,454.1,1104,978,0,0,771,100,0.627339300244101,3,"H","H","W","S","M","W-S-H-M-H"
1162500,58.26,-14.05,1345,500,0.9,1,267,341.7,514,247,1.93,0,845,100,0.628252788104089,6,"H","L","W","S","T","W-S-L-T-H"
1169000,54.15,-13.45,1417,490,0.9,1,156,440.8,667,511,0,0,927,100,0.654199011997177,6,"H","L","W","S","M","W-S-L-M-H"
1170100,57.09,-12.25,1413,491,0.9,1,158,421.3,694,536,0,0,922,100,0.652512384996461,3,"H","H","W","S","M","W-S-H-M-H"
1181000,52.26,-13.87,1372,486,0.9,1.1,137,444.5,648,511,0.07,100,886,0,0.645772594752187,5,"H","L","W","S","M","W-S-L-M-H"
1187300,48.14,-14.52,1420,486,0.9,1.1,221,400.7,496,275,0,0,934,100,0.657746478873239,6,"H","L","W","S","T","W-S-L-T-H"
1195100,47.33,-14.05,1334,482,0.9,1,21,72.3,139,118,4.35,100,852,0,0.638680659670165,5,"H","L","W","S","T","W-S-L-T-H"
1333000,43.32,-12.42,1316,463,0.9,1.1,207,486.8,1005,798,0,0,853,100,0.648176291793313,3,"H","H","W","S","M","W-S-H-M-H"
1350000,43.94,-15.05,1391,474,0.9,1.1,357,658.1,1204,847,0,0,917,100,0.659237958303379,6,"H","L","W","S","M","W-S-L-M-H"
1350080,29.96,-15.11,1251,475,0.8,1.1,403,598.1,923,520,0,0,776,100,0.620303756994405,6,"L","L","W","S","M","W-S-L-M-L"
1350140,27.04,-15.3,1236,475,0.8,1.1,355,580.7,810,455,0,0,761,100,0.615695792880259,6,"L","L","W","S","M","W-S-L-M-L"
1365000,39.27,-15.05,1525,468,0.9,1.1,294,640.1,1118,824,0,0,1057,100,0.693114754098361,6,"H","L","V","S","M","V-S-L-M-H"
1411300,69.54,-10.87,1148,533,0.9,1,8,22.5,37,29,100,48.84,615,51.16,0.535714285714286,1,"H","H","W","S","F","W-S-H-F-H"
1413500,36.83,-15.05,1366,469,0.8,1.1,404,672.6,1149,745,0,0,897,100,0.656661786237189,6,"L","L","W","S","M","W-S-L-M-L"
1414500,36.37,-15.05,1434,458,0.8,1.1,435,729.2,1117,682,0,0,976,100,0.680613668061367,6,"L","L","V","S","M","V-S-L-M-L"
1415000,35.05,-15.05,1338,477,0.8,1.1,406,617.8,959,553,0,0,861,100,0.643497757847534,6,"L","L","W","S","M","W-S-L-M-L"
1423000,35.28,-15.05,1312,476,0.8,1.1,370,597.1,984,614,0,0,836,100,0.63719512195122,6,"L","L","W","S","M","W-S-L-M-L"
1434025,34.21,-15.05,1605,450,0.9,1.1,673,878,1060,387,0,0,1155,100,0.719626168224299,6,"L","L","V","S","M","V-S-L-M-L"
1435000,41.12,-15.05,1563,456,0.9,1.1,484,777.6,1227,743,0,0,1107,100,0.708253358925144,6,"H","L","V","S","M","V-S-L-M-H"
1439500,48.8,-14.19,1318,506,0.8,1.1,161,395.1,609,448,1.37,50,812,50,0.61608497723824,5,"H","L","W","S","M","W-S-L-M-H"
1440000,50.03,-12.51,1292,516,0.8,1.1,122,282.1,480,358,0.48,100,776,0,0.60061919504644,2,"H","H","W","S","M","W-S-H-M-H"
1440400,40.93,-13.45,1337,502,0.8,1.1,204,429.9,663,459,2.03,77.27,835,22.73,0.6245325355273,5,"H","L","W","S","M","W-S-L-M-H"
1451800,35.62,-13.19,1274,529,0.9,1.1,139,208.9,441,302,0.48,25,745,75,0.584772370486656,6,"L","L","W","S","M","W-S-L-M-L"
1466500,79,-10.87,1282,542,0.9,1.1,46,50.5,59,13,100,37.5,740,62.5,0.577223088923557,1,"H","H","W","S","F","W-S-H-F-H"
1484100,60,-12.78,1187,553,0.9,1.1,15,18.8,23,8,100,51.79,634,48.21,0.534119629317607,1,"H","H","W","S","F","W-S-H-F-H"
1485500,61.37,-10.87,1171,559,0.9,1.1,12,18.7,32,20,100,49.88,612,50.12,0.522630230572161,1,"H","H","W","S","F","W-S-H-F-H"
1486000,51.43,-10.87,1178,560,0.9,1.1,6,12.2,21,15,98.44,31.75,618,68.25,0.524617996604414,1,"H","H","W","S","F","W-S-H-F-H"
1487000,60.38,-12.78,1189,555,0.9,1.1,11,17.2,27,16,100,44.36,634,55.64,0.533221194280908,1,"H","H","W","S","F","W-S-H-F-H"
1491000,49.96,-11.42,1184,553,0.9,1,9,21.1,31,22,99.83,47.63,631,52.37,0.532939189189189,1,"H","H","W","S","F","W-S-H-F-H"
1510000,27.39,-12.99,1237,453,0.8,1.2,319,491.1,647,328,0,0,784,100,0.633791430881164,3,"L","L","W","S","M","W-S-L-M-L"
1516500,33.4,-13.74,1110,483,0.8,1.2,418,540.8,735,317,0,0,627,100,0.564864864864865,6,"L","L","W","S","M","W-S-L-M-L"
1518862,32.71,-15.25,1074,497,0.8,1.2,414,605.6,774,360,0,0,577,100,0.537243947858473,6,"L","L","W","S","M","W-S-L-M-L"
1532000,34.21,-13.13,1137,484,0.8,1.2,246,494.8,732,486,0.26,100,653,0,0.574318381706244,2,"L","L","W","S","M","W-S-L-M-L"
1539000,33.3,-13.5,1227,496,0.8,1.1,175,411.3,771,596,0.44,42.11,731,57.89,0.595762021189894,5,"L","L","W","S","M","W-S-L-M-L"
1542810,31.87,-13.85,1231,497,0.8,1.2,416,578.4,730,314,0,0,734,100,0.596263200649878,6,"L","L","W","S","M","W-S-L-M-L"
1543000,31.16,-13.12,1220,499,0.8,1.2,286,545.6,730,444,0.07,100,721,0,0.590983606557377,2,"L","L","W","S","M","W-S-L-M-L"
1543500,33.21,-13,1224,499,0.8,1.2,252,536.3,725,473,0.39,100,725,0,0.592320261437909,2,"L","L","W","S","M","W-S-L-M-L"
1544500,40.28,-14.14,1193,492,0.8,1.2,323,593.2,754,431,0,0,701,100,0.587594300083822,6,"H","L","W","S","M","W-S-L-M-H"
1545600,44.64,-12.86,1204,492,0.8,1.2,276,569.3,693,417,0.14,100,712,0,0.591362126245847,2,"H","L","W","S","M","W-S-L-M-H"
1547700,38.12,-13.44,1144,515,0.8,1.1,183,406.3,664,481,0.14,0,629,100,0.549825174825175,6,"L","L","W","S","M","W-S-L-M-L"
1548500,38.67,-13.37,1108,493,0.8,1.2,262,583.1,787,525,0,0,615,100,0.555054151624549,6,"H","L","W","S","M","W-S-L-M-H"
1549500,39.16,-13.61,1157,488,0.8,1.2,348,546.3,709,361,0.17,100,669,0,0.578219533275713,5,"H","L","W","S","M","W-S-L-M-H"
1550000,40.12,-13.07,1184,485,0.8,1.2,225,534.4,735,510,0.04,100,699,0,0.590371621621622,2,"H","L","W","S","M","W-S-L-M-H"
1552000,37.56,-13.05,1246,482,0.8,1.2,187,518.3,743,556,0.16,81.82,764,18.18,0.613162118780096,5,"L","L","W","S","M","W-S-L-M-L"
1552500,38.38,-13.78,1309,472,0.8,1.1,337,573.6,735,398,0,0,837,100,0.639419404125287,6,"L","L","W","S","M","W-S-L-M-L"
1557500,38.7,-12.92,1137,504,0.8,1.1,291,499.7,767,476,0,0,633,100,0.556728232189974,3,"H","L","W","S","M","W-S-L-M-H"
1567500,34.56,-12.44,1169,526,0.9,1.1,192,280.1,560,368,0.42,0,643,100,0.550042771599658,3,"L","H","W","S","M","W-S-H-M-L"
1568000,40.47,-12.72,1198,518,0.9,1,136,313.3,674,538,0.92,0,680,100,0.567612687813022,3,"H","H","W","S","M","W-S-H-M-H"
1580000,33.61,-14.05,1238,551,0.9,1,99,200.5,308,209,2.97,77.27,687,22.73,0.554927302100162,5,"L","L","W","S","T","W-S-L-T-L"
1583500,39.32,-12.53,1178,552,0.9,1,95,172.7,272,177,2.55,91.67,626,8.33,0.531409168081494,2,"H","H","W","S","T","W-S-H-T-H"
1586610,36.26,-13.65,1181,549,0.9,1,163,221.7,283,120,1.83,62.5,632,37.5,0.535139712108383,5,"L","L","W","S","T","W-S-L-T-L"
1591400,39,-14.05,1181,556,0.9,1,126,171.1,233,107,16.52,20.69,625,79.31,0.529212531752752,6,"H","L","W","S","T","W-S-L-T-H"
1594950,35.96,-15.79,1422,511,0.9,1.1,770,853.9,953,183,0,0,911,100,0.640646976090014,6,"L","L","W","S","T","W-S-L-T-L"
1596500,39.34,-13.24,1205,491,0.9,1.1,531,761.1,890,359,0,0,714,100,0.59253112033195,6,"H","L","W","S","M","W-S-L-M-H"
1605500,45.71,-12.46,1146,536,0.9,1.1,527,876,1345,818,0,0,610,100,0.532286212914485,3,"H","H","W","S","M","W-S-H-M-H"
1606500,41.2,-12.48,1200,536,0.9,1.1,305,844.7,1462,1157,0,0,664,100,0.553333333333333,3,"H","H","W","S","M","W-S-H-M-H"
1613050,42.48,-15.07,1107,534,0.9,1.1,231,387,690,459,0,0,573,100,0.517615176151762,6,"H","L","W","S","M","W-S-L-M-H"
1620500,61.36,-15.42,1209,511,0.8,1.1,654,973.7,1281,627,0,0,698,100,0.577336641852771,6,"H","L","W","S","M","W-S-L-M-H"
1632000,41.28,-13.46,1052,569,0.8,1.2,332,609.4,1207,875,0,0,483,100,0.459125475285171,3,"H","L","W","S","M","W-S-L-M-H"
1632900,32.38,-12,1043,588,0.8,1.1,276,424.3,960,684,0.69,10,455,90,0.436241610738255,3,"L","H","W","S","M","W-S-H-M-L"
1634500,38.81,-13.09,1069,567,0.8,1.1,207,426,931,724,0.19,0,502,100,0.469597754911132,3,"H","L","W","S","M","W-S-L-M-H"
1638480,26.14,-13.15,1093,571,0.9,1,92,173.2,484,392,8.74,17.21,522,82.79,0.477584629460201,3,"L","L","W","S","M","W-S-L-M-L"
1639500,33.33,-13.1,1151,555,0.9,1,113,199.3,326,213,4.91,26.58,596,73.42,0.517810599478714,5,"L","L","W","S","T","W-S-L-T-L"
1644000,31.23,-13.06,1092,578,0.8,1,81,188,648,567,4.16,5.14,514,94.86,0.470695970695971,3,"L","L","W","S","M","W-S-L-M-L"
1658500,44.35,-14.05,1162,572,0.9,1,94,119,138,44,28.7,90.91,590,9.09,0.507745266781411,5,"H","L","W","S","T","W-S-L-T-H"
1664000,41.36,-13.19,1132,587,0.8,1.1,82,243.6,1169,1087,3.43,0,545,100,0.481448763250883,3,"H","L","W","S","M","W-S-L-M-H"
1666500,44.68,-13.12,1158,590,0.8,1.1,94,271.8,1176,1082,2.99,0,568,100,0.490500863557858,3,"H","L","W","S","M","W-S-L-M-H"
1667500,40.44,-12.99,1161,591,0.9,1.1,79,269.3,1176,1097,4.04,0,570,100,0.490956072351421,3,"H","L","W","S","M","W-S-L-M-H"
1669000,71.19,-12.78,1164,595,0.9,1.1,13,44.2,60,47,67.54,69.12,569,30.88,0.488831615120275,1,"H","H","W","S","F","W-S-H-F-H"
1669520,60.43,-11.41,1189,590,0.9,1.1,12,38.8,60,48,78.06,62.01,599,37.99,0.503784693019344,1,"H","H","W","S","F","W-S-H-F-H"
2011400,44.07,-12.9,1189,549,0.9,1,515,819,1289,774,0.04,0,640,100,0.538267451640034,3,"H","L","W","S","M","W-S-L-M-H"
2011460,30.97,-13.57,1240,529,0.9,1,678,948.8,1352,674,0,0,711,100,0.573387096774194,6,"L","L","W","S","M","W-S-L-M-L"
2013000,32.56,-12.84,1108,571,0.9,1.1,416,703.5,1132,716,0,0,537,100,0.484657039711191,3,"L","L","W","S","M","W-S-L-M-L"
2014000,35.52,-13.32,1136,560,0.9,1.1,403,738.8,1191,788,0,0,576,100,0.507042253521127,3,"L","L","W","S","M","W-S-L-M-L"
2015700,40.16,-12.81,1149,550,0.9,1.1,536,806.1,1299,763,0,0,599,100,0.521322889469104,3,"H","H","W","S","M","W-S-H-M-H"
2016000,36.99,-13.09,1137,571,0.9,1.1,317,665.8,1299,982,0.04,0,566,100,0.497801231310466,3,"L","L","W","S","M","W-S-L-M-L"
2017500,28.45,-13.02,1095,571,0.9,1.1,390,709.5,1304,914,0.06,0,524,100,0.478538812785388,3,"L","L","W","S","M","W-S-L-M-L"
2018000,28.69,-12.95,1111,577,0.9,1.1,317,642.1,1304,987,0.02,0,534,100,0.480648064806481,3,"L","L","W","S","M","W-S-L-M-L"
2027000,42.52,-13.56,1278,566,0.9,1.1,187,557.2,1188,1001,0.14,0,712,100,0.557120500782473,6,"H","L","W","S","M","W-S-L-M-H"
2027500,46.81,-13.63,1346,557,0.9,1.1,200,650.3,1192,992,0,0,789,100,0.586181277860327,6,"H","L","W","S","M","W-S-L-M-H"
2028500,38.98,-13.11,1221,584,0.9,1.1,175,411.3,1141,966,0.9,0,637,100,0.521703521703522,3,"H","L","W","S","M","W-S-L-M-H"
2038850,30.34,-13.87,1152,622,0.9,1,170,206.9,260,90,5.47,71.43,530,28.57,0.460069444444444,5,"L","L","W","S","T","W-S-L-T-L"
2046000,52.71,-12.69,1188,633,0.9,1.1,50,91.5,132,82,41.95,59.35,555,40.65,0.467171717171717,1,"H","H","W","S","T","W-S-H-T-H"
2051000,36.82,-13.27,1162,632,0.9,1,117,162.7,201,84,15.05,86.61,530,13.39,0.456110154905336,5,"L","L","W","S","T","W-S-L-T-L"
2051500,45.57,-13.18,1168,637,0.9,1.1,51,127.1,201,150,18.98,64.55,531,35.45,0.454623287671233,5,"H","L","W","S","T","W-S-L-T-H"
2053200,35.29,-12.79,1215,634,0.9,1.2,11,28.4,52,41,99.29,47.04,581,52.96,0.478189300411523,1,"L","H","W","S","F","W-S-H-F-L"
2053800,39.7,-13.05,1175,575,0.9,1.1,420,714.8,1157,737,1.09,11.11,600,88.89,0.51063829787234,3,"H","L","W","S","M","W-S-L-M-H"
2055100,28.9,-11.9,1118,600,0.9,1.1,383,441.5,703,320,2.76,0,518,100,0.463327370304115,3,"L","H","W","S","M","W-S-H-M-L"
2056900,50.87,-13.82,1154,602,0.9,1.1,290,473,948,658,0.52,0,552,100,0.478336221837088,6,"H","L","W","S","M","W-S-L-M-H"
2059500,47.66,-13.77,1134,610,0.9,1.1,208,338.7,806,598,0.98,0,524,100,0.462081128747795,6,"H","L","W","S","M","W-S-L-M-H"
2064000,45.14,-13.82,1125,624,0.9,1,138,214.4,399,261,4.23,45.28,501,54.72,0.445333333333333,5,"H","L","W","S","T","W-S-L-T-H"
2065500,48.25,-12.93,1140,627,0.9,1,122,188.3,262,140,4.27,87.3,513,12.7,0.45,5,"H","L","W","S","T","W-S-L-T-H"
2069700,47.01,-14.05,1273,614,0.9,1.1,285,456.6,911,626,1.78,0,659,100,0.517674783974863,6,"H","L","W","S","M","W-S-L-M-H"
2070000,50.51,-14.05,1203,625,0.9,1.1,242,338,782,540,1.84,13.79,578,86.21,0.480465502909393,6,"H","L","W","S","M","W-S-L-M-H"
2074500,52.54,-13.5,1191,631,0.9,1.1,161,246.9,328,167,2.4,70,560,30,0.470193115029387,5,"H","L","W","S","T","W-S-L-T-H"
2077200,39.41,-14.05,1190,638,0.9,1.1,145,192.2,231,86,17.36,77.69,552,22.31,0.463865546218487,5,"H","L","W","S","T","W-S-L-T-H"
2081500,24.14,-13.37,1181,643,0.9,1.1,92,152.7,210,118,47.52,54.58,538,45.42,0.455546147332769,5,"L","L","W","S","T","W-S-L-T-L"
2082950,32.21,-11.99,1180,647,0.9,1.2,47,88.8,145,98,31.62,64.49,533,35.51,0.451694915254237,2,"L","H","W","S","T","W-S-H-T-L"
2092500,66.41,-12.15,1362,643,0.8,1.3,7,27.1,54,47,98.9,41.93,719,58.07,0.527900146842878,1,"H","H","W","S","F","W-S-H-F-H"
2096846,18.48,-14.05,1222,634,0.9,1.1,172,202,236,64,9.57,45.45,588,54.55,0.481178396072013,5,"L","L","W","S","T","W-S-L-T-L"
2102908,84.3,-12.5,1225,653,0.9,1.3,71,104.8,147,76,2.68,66.67,572,33.33,0.466938775510204,1,"H","H","W","S","T","W-S-H-T-H"
2108000,66.76,-12.57,1308,648,0.8,1.3,10,36,63,53,92.52,53.78,660,46.22,0.504587155963303,1,"H","H","W","S","F","W-S-H-F-H"
2111180,56.59,-14.05,1331,600,0.9,1.1,358,643.2,1176,818,0,0,731,100,0.549211119459053,6,"H","L","W","S","M","W-S-L-M-H"
2111500,49.07,-14.05,1289,621,0.9,1.1,326,562.1,1081,755,0.45,0,668,100,0.518231186966641,6,"H","L","W","S","M","W-S-L-M-H"
2112120,47.92,-14.05,1290,622,0.9,1.1,316,536.9,1139,823,0.11,0,668,100,0.517829457364341,6,"H","L","W","S","M","W-S-L-M-H"
2112360,39.91,-14.05,1239,623,0.9,1.1,311,484.1,951,640,1.35,0,616,100,0.497175141242938,6,"H","L","W","S","M","W-S-L-M-H"
2118500,32.8,-14.05,1283,635,0.9,1.1,233,362.3,670,437,3.07,0,648,100,0.505066250974279,6,"L","L","W","S","M","W-S-L-M-L"
2125000,16.77,-14.08,1177,650,0.9,1.1,147,197.1,244,97,22.06,85.16,527,14.84,0.447748513169074,5,"L","L","W","S","T","W-S-L-T-L"
2128000,12.48,-14.05,1185,639,0.9,1.1,141,212.7,296,155,17.72,69.31,546,30.69,0.460759493670886,5,"L","L","W","S","T","W-S-L-T-L"
2137727,56.03,-14.05,1414,615,0.9,1.1,388,661.4,1575,1187,0.21,0,799,100,0.565063649222065,6,"H","L","W","S","M","W-S-L-M-H"
2140991,55.35,-13.62,1332,606,0.9,1.1,313,635.4,1736,1423,0,0,726,100,0.545045045045045,6,"H","L","W","S","M","W-S-L-M-H"
2143000,40.83,-14.05,1357,626,0.9,1.1,292,455,878,586,0,0,731,100,0.538688282977156,6,"H","L","W","S","M","W-S-L-M-H"
2143040,47.58,-14.05,1472,609,1,1.1,354,561.6,861,507,0,0,863,100,0.586277173913043,6,"H","L","W","S","M","W-S-L-M-H"
2149000,49.35,-14.05,1367,645,0.9,1.1,271,482.5,1049,778,0,0,722,100,0.528163862472568,6,"H","L","W","S","M","W-S-L-M-H"
2152100,48.56,-14.05,1379,635,1,1,296,475.5,852,556,0,0,744,100,0.53952139231327,6,"H","L","W","S","M","W-S-L-M-H"
2177000,53.59,-14.05,1915,602,1,1,390,774.2,1417,1027,0,0,1313,100,0.685639686684073,6,"H","L","V","S","M","V-S-L-M-H"
2178400,57.81,-14.05,1866,587,1.1,1,590,893.9,1565,975,0,0,1279,100,0.685423365487674,6,"H","L","V","W","M","V-W-L-M-H"
2193340,41.33,-14.05,1177,690,1.1,1,141,180,212,71,12.83,80.95,487,19.05,0.413763806287171,5,"H","L","W","W","T","W-W-L-T-H"
2196000,22.45,-13.94,1189,709,1,1.1,80,149.7,205,125,33.17,56.34,480,43.66,0.403700588730025,5,"L","L","W","S","T","W-S-L-T-L"
2198100,65.14,-15.05,1184,720,0.9,1.2,64,88.9,121,57,61.42,38.29,464,61.71,0.391891891891892,5,"H","L","W","S","F","W-S-L-F-H"
2202600,80.59,-11.33,1187,707,0.9,1.3,14,41.5,75,61,98.52,40.3,480,59.7,0.404380791912384,1,"H","H","W","S","F","W-S-H-F-H"
2212600,27.5,-14.05,1207,705,1.1,1,130,169,212,82,11.89,47.58,502,52.42,0.415907207953604,5,"L","L","W","W","T","W-W-L-T-L"
2215100,57.68,-11.93,1187,721,1.1,1.1,75,119.8,166,91,71.14,53.1,466,46.9,0.392586352148273,1,"H","H","W","S","F","W-S-H-F-H"
2216180,72.02,-15.05,1194,727,1,1.1,59,88.5,116,57,59.41,55.71,467,44.29,0.391122278056951,5,"H","L","W","S","F","W-S-L-F-H"
2221525,34,-14.05,1204,698,1.1,1,131,183.8,237,106,15.01,66.18,506,33.82,0.420265780730897,5,"L","L","W","W","T","W-W-L-T-L"
2231000,76.52,-12.1,1347,732,0.7,1.6,20,39.5,61,41,99.41,45.87,615,54.13,0.456570155902004,1,"H","H","W","S","F","W-S-H-F-H"
2231342,93,-12.7,1328,726,0.5,1.7,17,24.3,32,15,100,40.24,602,59.76,0.453313253012048,1,"H","H","W","S","F","W-S-H-F-H"
2235200,83.7,-12.78,1344,710,0.6,1.7,8,25.7,59,51,80.18,33.2,634,66.8,0.47172619047619,1,"H","H","W","S","F","W-S-H-F-H"
2245500,91.28,-12.78,1348,704,0.7,1.5,16,43.5,73,57,85.49,39.08,644,60.92,0.477744807121662,1,"H","H","W","S","F","W-S-H-F-H"
2246000,91.69,-12.78,1328,708,0.7,1.5,10,33.7,71,61,94.55,31.54,620,68.46,0.466867469879518,1,"H","H","W","S","F","W-S-H-F-H"
2296500,90.37,-10.94,1334,773,0.5,1.9,17,31.8,57,40,98.93,37.46,561,62.54,0.420539730134933,1,"H","H","W","S","F","W-S-H-F-H"
2297155,92.66,-12.78,1422,761,0.5,1.9,29,39.5,49,20,100,48.38,661,51.62,0.464838255977497,1,"H","H","W","S","F","W-S-H-F-H"
2297310,90.28,-13.17,1388,767,0.5,1.9,11,28.4,49,38,100,45.02,621,54.98,0.447406340057637,1,"H","L","W","S","F","W-S-L-F-H"
2298123,90.98,-11.47,1337,775,0.5,2,12,22.7,33,21,100,53.66,562,46.34,0.420344053851907,1,"H","H","W","S","F","W-S-H-F-H"
2298608,93.23,-12.79,1405,761,0.5,1.9,12,24.8,41,29,100,51.04,644,48.96,0.458362989323843,1,"H","H","W","S","F","W-S-H-F-H"
2299950,93.87,-12.78,1416,755,0.5,1.9,26,37.4,55,29,99.78,50.66,661,49.34,0.46680790960452,1,"H","H","W","S","F","W-S-H-F-H"
2300700,93.06,-12.91,1400,724,0.6,1.9,11,27.7,46,35,99.74,54.4,676,45.6,0.482857142857143,1,"H","L","W","S","F","W-S-L-F-H"
2310947,74.46,-10.94,1364,739,0.6,1.8,31,42.5,61,30,98.14,49.33,625,50.67,0.458211143695015,1,"H","H","W","S","F","W-S-H-F-H"
2312200,85.4,-11.11,1325,741,0.6,1.8,22,36.2,48,26,99.32,49.61,584,50.39,0.440754716981132,1,"H","H","W","S","F","W-S-H-F-H"
2314500,56.37,-11.14,1323,745,0.8,1.5,25,46,75,50,99.67,42.01,578,57.99,0.436885865457294,1,"H","H","W","S","F","W-S-H-F-H"
2315500,67.75,-11.19,1333,747,0.8,1.5,16,43.7,77,61,99.63,47.3,586,52.7,0.439609902475619,1,"H","H","W","S","F","W-S-H-F-H"
2324400,50.2,-12.78,1430,743,0.8,1.5,28,33,41,13,100,27.53,687,72.47,0.48041958041958,1,"H","H","W","S","F","W-S-H-F-H"
2327100,56.28,-12.73,1519,717,0.8,1.4,17,29.5,52,35,99.66,47.1,802,52.9,0.527978933508887,1,"H","H","W","S","F","W-S-H-F-H"
2342933,60.04,-12.47,1346,713,1.1,1.1,79,121,194,115,45.65,36.9,633,63.1,0.470282317979198,1,"H","H","W","S","T","W-S-H-T-H"
2349900,56.4,-11.85,1200,720,1.1,1.1,97,123.6,154,57,78.27,45.4,480,54.6,0.4,1,"H","H","W","S","F","W-S-H-F-H"
2350900,65.91,-11.4,1288,718,1.1,1.1,77,145.9,234,157,29.93,24.62,570,75.38,0.442546583850932,1,"H","H","W","S","T","W-S-H-T-H"
2361000,72.13,-13.16,1389,716,1.1,1.1,55,121.8,193,138,15.82,32.81,673,67.19,0.484521238300936,1,"H","L","W","S","T","W-S-L-T-H"
2363000,66.58,-12.79,1390,711,1,1.1,83,140.8,203,120,21.16,52.37,679,47.63,0.488489208633094,1,"H","H","W","S","T","W-S-H-T-H"
2369800,72.33,-12.78,1643,718,1,1.2,51,79.9,107,56,71.45,58.46,925,41.54,0.56299452221546,1,"H","H","W","S","F","W-S-H-F-H"
2371500,65.48,-12.32,1406,710,1.1,1.1,79,135.8,199,120,33.56,52.16,696,47.84,0.4950213371266,1,"H","H","W","S","T","W-S-H-T-H"
2372250,64.38,-12.76,1422,710,1.1,1,75,130.7,192,117,34.08,42.43,712,57.57,0.50070323488045,1,"H","H","W","W","T","W-W-H-T-H"
2374500,67.84,-12.91,1578,715,1,1.1,64,118.3,177,113,28.43,50.07,863,49.93,0.546894803548796,1,"H","L","W","S","T","W-S-L-T-H"
2381600,40.54,-14.05,1543,623,1.1,1,416,496.3,675,259,0,0,920,100,0.596241088788075,6,"H","L","W","W","T","W-W-L-T-H"
2384540,35.79,-14.05,1729,595,1.1,0.9,335,678.5,1107,772,0,0,1134,100,0.65587044534413,6,"L","L","W","W","M","W-W-L-M-L"
2395120,16.8,-12.06,1355,654,1.1,0.9,229,270.5,330,101,14.29,63.24,701,36.76,0.517343173431734,2,"L","H","W","W","T","W-W-H-T-L"
2408540,45.33,-13.91,1479,684,1.1,0.9,136,258.7,557,421,5.87,10.76,795,89.24,0.537525354969574,6,"H","L","W","W","M","W-W-L-M-H"
2415000,40.07,-13.97,1483,685,1.1,0.9,184,285.7,453,269,4.46,54.92,798,45.08,0.538098449089683,5,"H","L","W","W","T","W-W-L-T-H"
2422500,57.7,-12.79,1434,693,1.1,1,64,140.7,226,162,9.51,50.36,741,49.64,0.51673640167364,1,"H","H","W","W","T","W-W-H-T-H"
2427250,45.02,-13.26,1451,711,1.1,1,49,99,173,124,32.18,47.86,740,52.14,0.509993108201241,5,"H","L","W","W","T","W-W-L-T-H"
2430085,55.33,-12.78,1527,671,1.1,0.8,118,151.8,194,76,22.71,53.85,856,46.15,0.560576293385724,1,"H","H","W","W","T","W-W-H-T-H"
2430615,53.74,-12.78,1529,673,1.1,0.8,101,131.6,156,55,14.2,43.48,856,56.52,0.559843034663179,1,"H","H","W","W","T","W-W-H-T-H"
2450250,55.52,-12.65,1568,658,1.1,0.8,197,265.6,325,128,1.07,71.43,910,28.57,0.580357142857143,5,"H","H","W","W","T","W-W-H-T-H"
2464000,42.68,-13.42,1541,688,1.1,0.9,89,154,226,137,5.87,31.58,853,68.42,0.553536664503569,5,"H","L","W","W","T","W-W-L-T-H"
2464146,52.35,-13,1510,690,1.1,0.9,111,146.5,184,73,2.38,100,820,0,0.543046357615894,5,"H","L","W","W","T","W-W-L-T-H"
2464360,48.05,-12.91,1479,694,1.1,0.9,78,119.2,167,89,8.72,45.21,785,54.79,0.530764029749831,5,"H","L","W","W","T","W-W-L-T-H"
2465493,59.22,-12.39,1483,693,1.1,0.9,58,109.2,158,100,2.8,0,790,100,0.532703978422117,3,"H","H","W","W","T","W-W-H-T-H"
2469800,60.09,-12.86,1489,718,1.1,1,24,80.4,152,128,8.91,31.07,771,68.93,0.517797179314976,1,"H","L","W","W","T","W-W-L-T-H"
2472000,45.23,-11.25,1499,715,1.1,0.9,71,126.3,187,116,40.76,43.58,784,56.42,0.523015343562375,1,"H","H","W","W","T","W-W-H-T-H"
2472500,48.82,-11.19,1552,709,1.1,1,64,117.6,174,110,50.51,35.81,843,64.19,0.543170103092784,1,"H","H","W","W","F","W-W-H-F-H"
2479155,57.17,-11.06,1612,716,1,1,50,79.8,109,59,50.74,59.1,896,40.9,0.555831265508685,1,"H","H","W","S","F","W-S-H-F-H"
2479300,55.68,-11.43,1670,697,1,1.1,15,70.4,121,106,65.72,54.47,973,45.53,0.582634730538922,1,"H","H","W","S","F","W-S-H-F-H"
2479560,63.5,-11.66,1678,710,1,1.1,26,69.2,112,86,48.45,47.85,968,52.15,0.576877234803337,1,"H","H","W","S","T","W-S-H-T-H"
2481000,57.91,-11.3,1723,681,1,1.1,18,56.1,110,92,60.03,35.77,1042,64.23,0.604759141033082,1,"H","H","W","S","F","W-S-H-F-H"
2481510,56.42,-11.15,1670,689,1,1.1,17,73.5,128,111,52.65,43.26,981,56.74,0.587425149700599,1,"H","H","W","S","F","W-S-H-F-H"
3010655,33.99,-14.33,1164,497,0.8,1.2,455,630.2,770,315,0,0,667,100,0.573024054982818,6,"L","L","W","S","M","W-S-L-M-L"
3011800,31.64,-12.63,1303,493,0.8,1.2,497,634.5,700,203,5.73,91.67,810,8.33,0.621642363775902,2,"L","H","W","S","T","W-S-H-T-L"
3015500,28.4,-14.35,1307,488,0.8,1.2,368,495.2,602,234,2.71,16.54,819,83.46,0.626625860749809,6,"L","L","W","S","T","W-S-L-T-L"
3021350,29.89,-16.02,1342,472,0.9,1.1,411,491.9,574,163,4.05,39.34,870,60.66,0.648286140089419,5,"L","L","W","S","T","W-S-L-T-L"
3026500,34.53,-12.86,1291,494,0.8,1.2,544,639.5,683,139,0,0,797,100,0.617350890782339,3,"L","L","W","S","T","W-S-L-T-L"
3028000,33.81,-12.82,1264,497,0.9,1.2,467,607.5,699,232,1,80,767,20,0.606803797468354,2,"L","L","W","S","T","W-S-L-T-L"
3049000,27.67,-14.15,1199,541,0.9,1.2,262,384.2,466,204,1.27,85.71,658,14.29,0.548790658882402,5,"L","L","W","S","T","W-S-L-T-L"
3049800,18.83,-15.45,1110,537,0.9,1.2,276,340.1,395,119,0,0,573,100,0.516216216216216,6,"L","L","W","S","T","W-S-L-T-L"
3050000,29.41,-12.98,1422,515,0.9,1.1,596,875.1,1427,831,0.34,0,907,100,0.637834036568214,3,"L","L","W","S","M","W-S-L-M-L"
3066000,31.25,-12.5,1497,506,0.9,1.1,940,1027.9,1316,376,6.05,0,991,100,0.661990647962592,3,"L","H","V","S","M","V-S-H-M-L"
3069500,30.1,-12.89,1468,503,0.9,1.1,492,1003.2,1466,974,0.75,0,965,100,0.657356948228883,3,"L","L","W","S","M","W-S-L-M-L"
3070500,24.84,-13.6,1347,508,0.9,1.1,438,607.2,933,495,0.32,40,839,60,0.62286562731997,5,"L","L","W","S","M","W-S-L-M-L"
3076600,40.79,-12.88,1326,497,0.9,1.1,516,758.8,911,395,0,0,829,100,0.625188536953243,3,"H","L","W","S","M","W-S-L-M-H"
3078000,33.35,-14.5,1276,491,0.9,1.1,652,794,921,269,0.1,100,785,0,0.615203761755486,5,"L","L","W","S","T","W-S-L-T-L"
3140000,20.69,-16.48,1057,530,0.8,1.2,244,306.3,370,126,0,0,527,100,0.498580889309366,6,"L","L","W","S","T","W-S-L-T-L"
3144000,27.6,-13.53,1084,535,0.9,1.2,234,306.6,383,149,2.21,81.63,549,18.37,0.506457564575646,5,"L","L","W","S","T","W-S-L-T-L"
3159540,20.53,-16.48,1128,578,0.9,1.1,186,248.4,307,121,2.12,58.82,550,41.18,0.487588652482269,5,"L","L","W","S","T","W-S-L-T-L"
3161000,51.2,-13.19,1446,538,0.9,1.1,831,1032.5,1640,809,0.03,0,908,100,0.627939142461964,6,"H","L","W","S","M","W-S-L-M-H"
3164000,48.78,-13.34,1339,556,0.9,1.1,678,961.6,1720,1042,0.03,0,783,100,0.584764749813294,6,"H","L","W","S","M","W-S-L-M-H"
3165000,39.9,-14.05,1319,583,0.9,1.1,726,812.7,1025,299,0.17,0,736,100,0.557998483699773,6,"H","L","W","S","T","W-S-L-T-H"
3170000,41.43,-13.54,1211,579,0.9,1.1,565,763.9,1043,478,0.13,33.33,632,66.67,0.521882741535921,6,"H","L","W","S","M","W-S-L-M-H"
3173000,31.97,-12.54,1091,567,0.9,1.1,525,789,1227,702,0,0,524,100,0.480293308890926,3,"L","H","W","S","M","W-S-H-M-L"
3180500,13.76,-13.44,1369,501,0.9,1.1,839,1069.7,1397,558,0,0,868,100,0.634039444850256,6,"L","L","W","S","M","W-S-L-M-L"
3182500,16.78,-12.86,1294,523,0.9,1.1,646,954.3,1438,792,0.06,0,771,100,0.595826893353941,3,"L","L","W","S","M","W-S-L-M-L"
3186500,16.2,-15.05,1492,483,0.9,1.1,678,1084,1401,723,0,0,1009,100,0.67627345844504,6,"L","L","V","S","M","V-S-L-M-L"
3187500,19.25,-14.37,1490,483,0.9,1.1,700,1094,1387,687,0,0,1007,100,0.675838926174497,6,"L","L","V","S","M","V-S-L-M-L"
3213700,28.65,-13.98,1253,580,0.9,1.1,201,548.9,1034,833,0,0,673,100,0.537110933758978,6,"L","L","W","S","M","W-S-L-M-L"
3237280,26.64,-14.56,1255,575,0.9,1.1,166,304.9,372,206,0,0,680,100,0.541832669322709,6,"L","L","W","S","T","W-S-L-T-L"
3237500,14.76,-12.18,1156,559,0.9,1.1,162,274.7,393,231,13.3,72.06,597,27.94,0.51643598615917,2,"L","H","W","S","T","W-S-H-T-L"
3238500,12.66,-12.3,1175,551,0.9,1.1,200,299.8,363,163,86.1,45.03,624,54.97,0.531063829787234,2,"L","H","W","S","F","W-S-H-F-L"
3241500,19.29,-11.84,1106,532,0.8,1.1,273,326.1,354,81,83.32,50.17,574,49.83,0.518987341772152,2,"L","H","W","S","F","W-S-H-F-L"
3280700,22.89,-15.16,1409,591,1,1.1,294,483.4,674,380,0,0,818,100,0.5805535841022,6,"L","L","W","S","M","W-S-L-M-L"
3281100,22.14,-14.61,1351,606,1,1.1,261,386.8,633,372,0,0,745,100,0.551443375277572,6,"L","L","W","S","M","W-S-L-M-L"
3281500,22.78,-14.69,1346,604,1,1.1,205,377.4,679,474,0.04,100,742,0,0.551263001485884,5,"L","L","W","S","M","W-S-L-M-L"
3285000,15.32,-12.07,1278,593,1,1,247,314.4,436,189,8.38,26.3,685,73.7,0.535993740219092,2,"L","H","W","S","T","W-S-H-T-L"
3291780,12.92,-11.79,1288,559,0.9,1,202,279.6,308,106,42.02,97.21,729,2.79000000000001,0.565993788819876,2,"L","H","W","S","T","W-S-H-T-L"
3300400,14.52,-12.44,1250,595,0.9,1,171,252.4,388,217,16.47,69.26,655,30.74,0.524,2,"L","H","W","S","T","W-S-H-T-L"
3338780,16.17,-12.82,1040,538,0.7,1.3,194,220,259,65,96.66,44.4,502,55.6,0.482692307692308,2,"L","L","W","S","F","W-S-L-F-L"
3340800,18.9,-13.74,1148,540,0.8,1.2,223,266.9,298,75,91.76,52.88,608,47.12,0.529616724738676,5,"L","L","W","S","F","W-S-L-F-L"
3346000,10.79,-12.18,1141,560,0.9,1.1,145,184.8,252,107,89.08,46.67,581,53.33,0.50920245398773,2,"L","H","W","S","F","W-S-H-F-L"
3357350,13.92,-16.48,1169,541,0.8,1.1,265,279.9,290,25,93.02,52.5,628,47.5,0.53721129170231,5,"L","L","W","S","F","W-S-L-F-L"
3364500,16.82,-11.79,1192,538,0.8,1.1,222,286.2,327,105,98.68,55.11,654,44.89,0.548657718120805,2,"L","H","W","S","F","W-S-H-F-L"
3366500,16.16,-11.88,1272,564,0.9,1.1,173,249.5,313,140,71.04,57.75,708,42.25,0.556603773584906,2,"L","H","W","S","F","W-S-H-F-L"
3368000,17.67,-11.79,1234,552,0.9,1.1,236,263.7,285,49,77.65,65.47,682,34.53,0.552674230145867,2,"L","H","W","S","F","W-S-H-F-L"
3384450,7.64,-15.05,1354,602,1,0.9,124,201.7,314,190,2.91,26.32,752,73.68,0.555391432791728,5,"L","L","W","W","T","W-W-L-T-L"
3439000,55.17,-14.05,2006,565,1,1.1,671,977.2,1734,1063,0,0,1441,100,0.718344965104686,6,"H","L","V","S","M","V-S-L-M-H"
3450000,52.52,-14.05,1466,532,0.9,1.1,921,1266.7,1679,758,0,0,934,100,0.637107776261937,6,"H","L","W","S","M","W-S-L-M-H"
3455500,66.78,-14.05,2083,493,1,1.1,945,1472.2,1890,945,0,0,1590,100,0.763322131541047,6,"H","L","V","S","M","V-S-L-M-H"
3456500,64.21,-14.05,1752,526,1,1.1,835,1257.7,1838,1003,0,0,1226,100,0.699771689497717,6,"H","L","V","S","M","V-S-L-M-H"
3460000,51.97,-14.13,1627,606,1,1.1,815,1231.6,1772,957,0,0,1021,100,0.627535341118623,6,"H","L","W","S","M","W-S-L-M-H"
3463300,55.65,-14.05,1605,523,1,1.1,825,1209.5,1981,1156,0,0,1082,100,0.674143302180685,6,"H","L","V","S","M","V-S-L-M-H"
3471500,33.77,-12.1,1208,558,0.9,1.1,648,920.2,1370,722,0.09,0,650,100,0.538079470198676,3,"L","H","W","S","M","W-S-H-M-L"
3473000,35.96,-12.23,1241,557,0.9,1.1,564,907.4,1667,1103,0.2,0,684,100,0.551168412570508,3,"L","H","W","S","M","W-S-H-M-L"
3479000,54.74,-12.71,1415,528,0.9,1.1,802,1044,1701,899,0,0,887,100,0.626855123674912,3,"H","H","W","S","M","W-S-H-M-H"
3488000,32.12,-12.52,1181,570,0.9,1.1,532,808.4,1413,881,0,0,611,100,0.51735817104149,3,"L","H","W","S","M","W-S-H-M-L"
3498500,43.66,-12.4,1556,600,1,1,266,643.3,1968,1702,3.37,0,956,100,0.61439588688946,3,"H","H","W","S","M","W-S-H-M-H"
3500000,55.09,-14.05,1852,592,1.1,0.9,618,860.6,1522,904,0.1,0,1260,100,0.680345572354212,6,"H","L","V","W","M","V-W-L-M-H"
3500240,55.26,-14.05,1799,592,1.1,0.9,632,886.4,1565,933,0,0,1207,100,0.670928293496387,6,"H","L","V","W","M","V-W-L-M-H"
3504000,66.57,-14.05,2030,542,1.1,0.9,971,1224.7,1617,646,0,0,1488,100,0.733004926108374,6,"H","L","V","W","M","V-W-L-M-H"
3574500,36.38,-12.02,1553,608,1.1,0.9,176,385.1,577,401,1.75,62.96,945,37.04,0.608499678042498,2,"L","H","W","W","M","W-W-H-M-L"
3592718,53.07,-11.75,1532,660,1.1,0.8,136,167,217,81,16.49,25.81,872,74.19,0.569190600522193,1,"H","H","W","W","T","W-W-H-T-H"
3604000,24.67,-12.43,1555,650,1.1,0.9,164,271.8,327,163,16.26,98.52,905,1.48,0.581993569131833,2,"L","H","W","W","T","W-W-H-T-L"
4015330,36.49,-12.64,811,428,0.5,1.5,202,377.2,554,352,16.46,47.22,383,52.78,0.472256473489519,2,"L","H","W","S","T","W-S-H-T-L"
4024430,40.5,-12.82,826,452,0.4,1.6,190,327.7,413,223,52.48,64.96,374,35.04,0.452784503631961,2,"H","L","W","S","F","W-S-L-F-H"
4027000,30.68,-13,895,446,0.6,1.4,214,404.3,564,350,28.87,70.93,449,29.07,0.501675977653631,2,"L","L","W","S","T","W-S-L-T-L"
4040500,43.8,-14.42,915,454,0.7,1.2,373,494.5,573,200,50.58,70.91,461,29.09,0.503825136612022,5,"H","L","W","S","F","W-S-L-F-H"
4043050,64.26,-12.67,821,423,0.9,1.1,194,289.4,412,218,9.37,53.06,398,46.94,0.484774665042631,1,"H","H","W","S","T","W-S-H-T-H"
4045500,57.2,-11.96,918,435,0.9,1.1,211,243.1,328,117,71.58,38.77,483,61.23,0.526143790849673,1,"H","H","W","S","F","W-S-H-F-H"
4056500,73.31,-12,866,431,0.8,1.1,187,237.2,340,153,83.24,41.44,435,58.56,0.502309468822171,1,"H","H","W","S","F","W-S-H-F-H"
4057510,70.75,-11.96,860,424,0.8,1.2,193,243.9,308,115,70.63,50.29,436,49.71,0.506976744186046,1,"H","H","W","S","F","W-S-H-F-H"
4057800,59.22,-14.05,918,455,0.7,1.2,467,505.3,547,80,25.52,47.98,463,52.02,0.504357298474946,5,"H","L","W","S","T","W-S-L-T-H"
4059500,64.83,-12.41,804,446,0.6,1.3,212,330.5,480,268,64.71,29.46,358,70.54,0.445273631840796,1,"H","H","W","S","F","W-S-H-F-H"
4063700,26.61,-12.95,837,454,0.5,1.4,433,476.3,545,112,60.73,46.83,383,53.17,0.457586618876941,2,"L","L","W","S","F","W-S-L-F-L"
4074950,36.8,-12.85,860,448,0.5,1.4,391,490.4,570,179,35.87,46.62,412,53.38,0.47906976744186,2,"L","L","W","S","T","W-S-L-T-L"
4105700,62.91,-15.15,1025,505,0.8,1.2,254,284.5,308,54,59.27,65.77,520,34.23,0.507317073170732,5,"H","L","W","S","F","W-S-L-F-H"
4115265,70.02,-15.39,907,508,0.8,1.1,248,281.3,316,68,53.26,50.46,399,49.54,0.439911797133407,5,"H","L","W","S","F","W-S-L-F-H"
4122200,83.82,-12.84,960,488,0.8,1.1,190,262.5,392,202,56.66,41.1,472,58.9,0.491666666666667,1,"H","L","W","S","F","W-S-L-F-H"
4122500,84.04,-12.86,955,487,0.8,1.1,187,276.5,418,231,54.83,29.23,468,70.77,0.490052356020942,1,"H","L","W","S","F","W-S-L-F-H"
4124000,83.48,-13.51,901,475,0.8,1.2,257,358.9,502,245,41.02,32.57,426,67.43,0.472807991120977,1,"H","L","W","S","T","W-S-L-T-H"
4127918,59.52,-11.92,948,433,0.9,1,196,240.4,312,116,89.29,48.52,515,51.48,0.543248945147679,1,"H","H","W","S","F","W-S-H-F-H"
4127997,77.71,-12.63,920,468,0.9,1.1,237,336.4,462,225,13.62,26.32,452,73.68,0.491304347826087,1,"H","H","W","S","T","W-S-H-T-H"
4161580,48.26,-16.48,909,482,0.8,1.2,274,309.2,363,89,44.74,21.86,427,78.14,0.46974697469747,5,"H","L","W","S","T","W-S-L-T-H"
4185000,32.41,-16.01,956,517,0.8,1.2,213,264.2,381,168,87.16,32.8,439,67.2,0.459205020920502,5,"L","L","W","S","F","W-S-L-F-L"
4196800,16.24,-11.79,979,518,0.8,1.2,246,273.5,309,63,98.63,49.13,461,50.87,0.470888661899898,2,"L","H","W","S","F","W-S-H-F-L"
4197100,15.45,-12.48,1009,503,0.8,1.2,255,290,347,92,95.71,40.61,506,59.39,0.501486620416254,2,"L","H","W","S","F","W-S-H-F-L"
4197170,21.73,-11.91,995,501,0.8,1.2,231,265.3,294,63,91.16,50.75,494,49.25,0.496482412060302,2,"L","H","W","S","F","W-S-H-F-L"
4213000,21.24,-15.13,1205,480,0.9,1.2,198,312.3,424,226,33.68,46.09,725,53.91,0.601659751037344,5,"L","L","W","S","T","W-S-L-T-L"
4213075,23.44,-15.4,1192,472,0.9,1.1,255,278,299,44,37.14,57.69,720,42.31,0.604026845637584,5,"L","L","W","S","T","W-S-L-T-L"
4216418,29.26,-15.66,1138,454,0.9,1.2,299,473.8,639,340,0.48,100,684,0,0.601054481546573,5,"L","L","W","S","M","W-S-L-M-L"
4221000,31.18,-14.68,1132,496,0.8,1.2,456,636.7,782,326,0.04,50,636,50,0.561837455830389,5,"L","L","W","S","M","W-S-L-M-L"
4224775,25.65,-15.69,1043,476,0.8,1.2,240,505.3,648,408,0.07,100,567,0,0.543624161073825,5,"L","L","W","S","M","W-S-L-M-L"
4233000,39.88,-16.44,1031,475,0.8,1.2,149,380,591,442,0,0,556,100,0.539282250242483,6,"H","L","W","S","M","W-S-L-M-H"
4296000,48.85,-11.97,1311,437,0.8,1.2,224,385.9,758,534,0.46,0,874,100,0.666666666666667,3,"H","H","V","S","M","V-S-H-M-H"
5056000,43.02,-11.77,475,482,0.3,1.9,419,504.1,674,255,67.28,22.7,-7,77.3,-0.0145228215767634,1,"H","H","D","S","F","D-S-H-F-H"
5057000,44.35,-11.74,493,477,0.4,1.9,391,480.1,654,263,70.86,38.62,16,61.38,0.0324543610547667,1,"H","H","M","S","F","M-S-H-F-H"
5057200,42.06,-11.65,529,477,0.3,1.9,407,451,512,105,93.74,49.96,52,50.04,0.0982986767485823,1,"H","H","M","S","F","M-S-H-F-H"
5062500,39.62,-13.03,682,454,0.4,1.8,314,424.9,590,276,64.12,36.56,228,63.44,0.334310850439883,1,"H","L","W","S","F","W-S-L-F-H"
5087500,58.66,-12.61,584,450,0.4,1.8,256,332.4,371,115,99.98,65.27,134,34.73,0.229452054794521,1,"H","H","M","S","F","M-S-H-F-H"
5120500,46.68,-12,469,496,0.4,1.8,459,507.9,681,222,71.06,15.25,-27,84.75,-0.0544354838709677,1,"H","H","D","S","F","D-S-H-F-H"
5123400,38.19,-11.91,494,458,0.4,1.9,440,529.7,763,323,72.26,17.29,36,82.71,0.0728744939271255,1,"L","H","M","S","F","M-S-H-F-L"
5129115,44.16,-13.31,728,433,0.4,1.7,363,429.7,581,218,35.53,55.19,295,44.81,0.40521978021978,5,"H","L","W","S","T","W-S-L-T-H"
5131500,32.15,-13.12,733,435,0.4,1.7,337,410.1,550,213,71.41,34.51,298,65.49,0.406548431105048,1,"L","L","W","S","F","W-S-L-F-L"
5291000,31.02,-12.39,619,490,0.3,1.7,313,420.2,624,311,61.39,8.38,129,91.62,0.208400646203554,3,"L","H","M","S","F","M-S-H-F-L"
5362000,19.93,-12.95,872,453,0.5,1.5,339,454.1,575,236,63.82,47.74,419,52.26,0.480504587155963,2,"L","L","W","S","F","W-S-L-F-L"
5393500,24.64,-14.05,885,445,0.5,1.5,452,502.6,577,125,46.41,52.58,440,47.42,0.497175141242938,5,"L","L","W","S","T","W-S-L-T-L"
5399500,17.57,-13.14,858,460,0.5,1.6,359,418.2,460,101,66.7,63.97,398,36.03,0.463869463869464,2,"L","L","W","S","F","W-S-L-F-L"
5408000,26.51,-12.75,923,478,0.5,1.6,245,359.2,438,193,1.24,94.55,445,5.45,0.482123510292524,2,"L","H","W","S","T","W-S-H-T-L"
5412500,24.18,-11.94,955,491,0.5,1.6,205,339.1,422,217,37.68,83.94,464,16.06,0.48586387434555,2,"L","H","W","S","T","W-S-H-T-L"
5413500,12.98,-11.94,943,487,0.5,1.6,200,301.6,374,174,12.06,80.64,456,19.36,0.48356309650053,2,"L","H","W","S","T","W-S-H-T-L"
5414000,14.3,-11.98,960,486,0.5,1.5,209,307.5,362,153,5.19,87.7,474,12.3,0.49375,2,"L","H","W","S","T","W-S-H-T-L"
5444000,5.5,-11.86,1021,513,0.6,1.4,206,255.7,317,111,30.2,51.05,508,48.95,0.497551420176298,2,"L","H","W","S","T","W-S-H-T-L"
5454000,9.18,-11.79,989,517,0.5,1.5,218,243.1,263,45,53.9,62.9,472,37.1,0.477249747219414,2,"L","H","W","S","F","W-S-H-F-L"
5458000,27.13,-11.8,920,483,0.4,1.6,309,364.3,433,124,78.68,57.76,437,42.24,0.475,2,"L","H","W","S","F","W-S-H-F-L"
5466500,7.99,-13.41,993,518,0.6,1.3,168,226.5,267,99,60.04,71.5,475,28.5,0.478348439073515,2,"L","L","W","S","F","W-S-L-F-L"
5487980,22.12,-12.68,985,531,0.5,1.5,236,301.4,368,132,23.15,77.32,454,22.68,0.460913705583756,2,"L","H","W","S","T","W-S-H-T-L"
5488200,17.43,-16.48,983,527,0.5,1.5,226,276.2,311,85,30.82,86.52,456,13.48,0.463886063072228,5,"L","L","W","S","T","W-S-L-T-L"
5489000,21.45,-14.14,993,528,0.5,1.5,211,275.9,316,105,20.95,93.59,465,6.41,0.468277945619335,5,"L","L","W","S","T","W-S-L-T-L"
5495000,19.69,-12.49,1030,536,0.6,1.4,160,234.2,303,143,52.81,53.25,494,46.75,0.479611650485437,2,"L","H","W","S","F","W-S-H-F-L"
5495500,8.79,-11.89,1025,540,0.7,1.3,161,202.7,239,78,77.3,63.79,485,36.21,0.473170731707317,2,"L","H","W","S","F","W-S-H-F-L"
5501000,15.13,-11.83,1044,555,0.7,1.3,152,219.6,267,115,65.97,77.71,489,22.29,0.468390804597701,2,"L","H","W","S","F","W-S-H-F-L"
5503800,11.72,-12.78,1065,560,0.7,1.3,208,236.6,256,48,89.31,60.7,505,39.3,0.474178403755869,2,"L","H","W","S","F","W-S-H-F-L"
5507600,8.07,-11.87,1072,566,0.7,1.2,202,230,242,40,93.16,54.74,506,45.26,0.472014925373134,2,"L","H","W","S","F","W-S-H-F-L"
5508805,11.36,-11.96,1061,562,0.7,1.2,154,220.1,264,110,68.61,84.67,499,15.33,0.470311027332705,2,"L","H","W","S","F","W-S-H-F-L"
5514500,14.25,-11.9,1091,575,0.8,1.2,144,224.5,286,142,64.46,74.32,516,25.68,0.472960586617782,2,"L","H","W","S","F","W-S-H-F-L"
5525500,14.14,-12.1,1013,538,0.7,1.3,199,218.9,272,73,98.38,43.13,475,56.87,0.468904244817374,2,"L","H","W","S","F","W-S-H-F-L"
5556500,7.36,-12.04,1018,517,0.7,1.4,177,249.1,303,126,86.64,54.12,501,45.88,0.492141453831041,2,"L","H","W","S","F","W-S-H-F-L"
5584500,7.34,-12.07,1026,539,0.7,1.3,157,205.4,243,86,85.51,54.83,487,45.17,0.474658869395711,2,"L","H","W","S","F","W-S-H-F-L"
5585000,8.13,-12.17,1025,543,0.7,1.3,140,199.5,243,103,75.79,63.15,482,36.85,0.470243902439024,2,"L","H","W","S","F","W-S-H-F-L"
5591550,8.11,-15.05,1074,556,0.8,1.1,197,211.1,235,38,99.14,34.43,518,65.57,0.482309124767225,5,"L","L","W","S","F","W-S-L-F-L"
5592050,10.99,-15.05,1041,563,0.8,1.1,170,198.4,227,57,92.74,51.62,478,48.38,0.459173871277618,5,"L","L","W","S","F","W-S-L-F-L"
5592575,13.08,-15.05,1106,569,0.9,1.1,157,181.7,193,36,94.35,63.59,537,36.41,0.485533453887884,5,"L","L","W","S","F","W-S-L-F-L"
5593575,6.52,-11.91,1100,580,0.9,1,132,150.4,176,44,93.66,44.55,520,55.45,0.472727272727273,2,"L","H","W","S","F","W-S-H-F-L"
5593900,6.39,-11.79,1047,568,0.8,1.1,180,203.3,230,50,88.93,34.27,479,65.73,0.457497612225406,2,"L","H","W","S","F","W-S-H-F-L"
5595730,9.07,-11.91,1142,578,0.9,1,129,155.8,180,51,92.6,59.72,564,40.28,0.493870402802102,2,"L","H","W","S","F","W-S-H-F-L"
6043500,45.44,-12.62,812,519,0.9,0.9,1590,2411.6,3287,1697,0,0,293,100,0.360837438423645,3,"H","H","W","S","M","W-S-H-M-H"
6154410,44.34,-12.26,503,487,0.4,1.5,1198,1387.1,1675,477,0,0,16,100,0.0318091451292246,3,"H","H","M","S","M","M-S-H-M-H"
6188000,39.1,-12.58,827,517,1.2,0.8,1855,2545.7,3257,1402,0.02,50,310,50,0.374848851269649,3,"H","H","W","W","M","W-W-H-M-H"
6191500,42.74,-12.71,803,527,1.2,0.8,1560,2547.6,3588,2028,4.96,0.59,276,99.41,0.343711083437111,3,"H","H","W","W","M","W-W-H-M-H"
6221400,46.81,-12.84,587,448,0.9,0.8,2049,3230.4,4044,1995,0,0,139,100,0.23679727427598,3,"H","L","M","W","M","M-W-L-M-H"
6224000,49.27,-13.12,555,468,0.8,0.8,1797,3139.5,4072,2275,0.06,0,87,100,0.156756756756757,3,"H","L","M","S","M","M-S-L-M-H"
6280300,38.8,-13.52,713,462,1,0.8,1896,2901.6,3682,1786,0,0,251,100,0.35203366058906,3,"H","L","W","W","M","W-W-L-M-H"
6289000,31.25,-11.91,625,502,0.8,0.8,1332,2409.7,3012,1680,0,0,123,100,0.1968,3,"L","H","M","S","M","M-S-H-M-L"
6291500,31.61,-12.18,567,545,0.7,0.9,1278,1946.9,2973,1695,0.07,0,22,100,0.0388007054673721,3,"L","H","M","S","M","M-S-H-M-L"
6311000,54.63,-13.68,525,439,0.6,1,2527,2743.2,3086,559,0,0,86,100,0.163809523809524,3,"H","L","M","S","M","M-S-L-M-H"
6332515,28.79,-12.79,442,524,0.4,1.8,609,707.4,802,193,3.11,53.66,-82,46.34,-0.156488549618321,2,"L","H","D","S","T","D-S-H-T-L"
6339100,33.27,-12.78,424,532,0.3,1.8,663,754.6,915,252,13.29,47.82,-108,52.18,-0.203007518796993,2,"L","H","D","S","T","D-S-H-T-L"
6339500,30.03,-12.79,421,533,0.3,1.8,570,689.8,915,345,12.76,29.4,-112,70.6,-0.210131332082552,3,"L","H","D","S","T","D-S-H-T-L"
6344600,30.8,-12.79,420,533,0.3,1.8,768,809,874,106,54.44,41.45,-113,58.55,-0.212007504690432,2,"L","H","D","S","F","D-S-H-F-L"
6350000,28.1,-12.75,396,547,0.3,1.7,747,822.6,1036,289,49.39,40.12,-151,59.88,-0.276051188299817,2,"L","H","D","S","T","D-S-H-T-L"
6352000,32.21,-12.43,399,552,0.3,1.7,758,845.3,1037,279,54.71,43.07,-153,56.93,-0.277173913043478,2,"L","H","D","S","F","D-S-H-F-L"
6353000,36.89,-12.46,417,551,0.3,1.7,580,776.9,1037,457,42.81,57.84,-134,42.16,-0.243194192377496,2,"L","H","D","S","T","D-S-H-T-L"
6354000,37.28,-12.49,420,546,0.3,1.7,516,745.4,1037,521,37.63,69.88,-126,30.12,-0.230769230769231,2,"L","H","D","S","T","D-S-H-T-L"
6360500,33.83,-13.59,431,572,0.3,1.6,513,798.3,1217,704,27.82,42.46,-141,57.54,-0.246503496503496,5,"L","L","D","S","T","D-S-L-T-L"
6404000,31.97,-13.74,535,544,0.3,1.6,1168,1533.7,2104,936,0,0,-9,100,-0.0165441176470589,3,"L","L","D","S","M","D-S-L-M-L"
6406000,31.97,-12.93,501,561,0.3,1.6,1007,1391.6,2104,1097,0.18,0,-60,100,-0.106951871657754,3,"L","L","D","S","M","D-S-L-M-L"
6408700,11.79,-11.81,655,511,0.5,1.4,1859,2039.6,2168,309,0,0,144,100,0.219847328244275,3,"L","H","M","S","M","M-S-H-M-L"
6409000,13.36,-11.91,614,516,0.5,1.4,1822,2036.1,2176,354,0.83,100,98,0,0.159609120521173,2,"L","H","M","S","M","M-S-H-M-L"
6431500,20.28,-11.98,700,520,0.6,1.3,1133,1807.4,2159,1026,0.07,100,180,0,0.257142857142857,2,"L","H","M","S","M","M-S-H-M-L"
6440200,19.86,-13.69,474,614,0.3,1.5,691,780.6,961,270,47.66,52.61,-140,47.39,-0.228013029315961,5,"L","L","D","S","T","D-S-L-T-L"
6441500,13.15,-13.65,478,597,0.3,1.6,442,672.9,961,519,21.86,60.57,-119,39.43,-0.199329983249581,5,"L","L","D","S","T","D-S-L-T-L"
6447000,35.13,-13.2,470,628,0.3,1.5,654,988.2,1502,848,15.35,35.4,-158,64.6,-0.251592356687898,3,"L","L","D","S","T","D-S-L-T-L"
6447500,50.26,-13.22,520,612,0.3,1.6,938,1038.4,1190,252,52.09,42.85,-92,57.15,-0.150326797385621,1,"H","L","D","S","F","D-S-L-F-H"
6450500,55.37,-13.24,527,604,0.3,1.6,590,888.9,1190,600,29.56,81.19,-77,18.81,-0.127483443708609,5,"H","L","D","S","T","D-S-L-T-H"
6452000,33.23,-13.34,497,613,0.3,1.5,424,859.3,1502,1078,19.04,46.83,-116,53.17,-0.189233278955954,5,"L","L","D","S","T","D-S-L-T-L"
6453600,33.87,-13.74,634,571,0.3,1.5,383,593,743,360,35.62,67.37,63,32.63,0.0993690851735016,5,"L","L","M","S","T","M-S-L-T-L"
6464500,67.83,-13.64,566,587,0.3,1.6,629,762.6,903,274,47.58,47.7,-21,52.3,-0.0357751277683135,1,"H","L","D","S","T","D-S-L-T-H"
6468170,40.72,-11.94,481,484,0.3,1.9,448,510.4,677,229,84.56,23.7,-3,76.3,-0.00619834710743805,1,"H","H","D","S","F","D-S-H-F-H"
6468250,42.14,-11.78,485,483,0.3,1.9,439,503.7,677,238,84.22,23.66,2,76.34,0.00412371134020617,1,"H","H","M","S","F","M-S-H-F-H"
6470800,36.82,-11.86,555,498,0.3,1.7,396,431.6,457,61,98.19,48.66,57,51.34,0.102702702702703,1,"L","H","M","S","F","M-S-H-F-L"
6477500,29.56,-13.29,604,549,0.3,1.5,398,468,609,211,81.38,44.97,55,55.03,0.0910596026490066,2,"L","L","M","S","F","M-S-L-F-L"
6479215,28.39,-11.45,644,477,0.3,1.7,546,578.6,623,77,60.31,44.54,167,55.46,0.259316770186335,2,"L","H","M","S","F","M-S-H-F-L"
6479438,22.51,-11.73,627,482,0.3,1.7,529,562.3,624,95,71.32,27.68,145,72.32,0.231259968102073,2,"L","H","M","S","F","M-S-H-F-L"
6601000,10.69,-15.4,772,549,0.4,1.5,337,409.8,463,126,3.93,90.99,223,9.01000000000001,0.288860103626943,5,"L","L","M","S","T","M-S-L-T-L"
6614800,65.09,-12.54,1121,540,1.1,0.7,3211,3440.9,3680,469,0,0,581,100,0.51828724353256,3,"H","H","W","W","M","W-W-H-M-H"
6746095,30.37,-12.98,1027,576,1.1,0.7,3091,3304.5,3613,522,0,0,451,100,0.439143135345667,3,"L","L","W","W","M","W-W-L-M-L"
6784000,38.55,-15.05,636,611,0.3,1.6,591,789.8,1032,441,25.96,51.42,25,48.58,0.039308176100629,5,"H","L","M","S","T","M-S-L-T-H"
6803510,14.35,-15.05,793,574,0.4,1.6,347,384,450,103,14.63,27.45,219,72.55,0.276166456494325,5,"L","L","M","S","T","M-S-L-T-L"
6803530,9.53,-15.05,806,569,0.4,1.6,345,389,461,116,18.15,27.09,237,72.91,0.294044665012407,5,"L","L","M","S","T","M-S-L-T-L"
6814000,21.8,-12.49,877,583,0.4,1.5,324,399,467,143,13.35,68.22,294,31.78,0.335233751425314,2,"L","H","W","S","T","W-S-H-T-L"
6847900,14.86,-12.03,566,681,0.3,1.7,723,863,1045,322,61.86,57.97,-115,42.03,-0.168869309838473,2,"L","H","D","S","F","D-S-H-F-L"
6853800,10.83,-11.66,719,622,0.4,1.6,500,568.1,633,133,53.97,60.76,97,39.24,0.134909596662031,2,"L","H","M","S","F","M-S-H-F-L"
6876700,18.46,-11.72,731,643,0.4,1.6,389,450.4,569,180,33.07,61.06,88,38.94,0.120383036935705,2,"L","H","M","S","T","M-S-H-T-L"
6878000,14.08,-12.04,811,619,0.4,1.5,344,403.6,483,139,45.46,39.11,192,60.89,0.236744759556104,2,"L","H","M","S","T","M-S-H-T-L"
6879650,6.93,-12.04,945,598,0.4,1.5,346,397.8,440,94,0,0,347,100,0.367195767195767,3,"L","H","W","S","T","W-S-H-T-L"
6885500,16.75,-11.92,897,589,0.4,1.6,346,400.4,467,121,32.76,60.02,308,39.98,0.343366778149387,2,"L","H","W","S","T","W-S-H-T-L"
6888500,6.72,-11.8,950,594,0.4,1.5,305,401.1,484,179,7.15,74.24,356,25.76,0.374736842105263,2,"L","H","W","S","T","W-S-H-T-L"
6889200,13.24,-11.71,947,590,0.4,1.5,299,364.6,427,128,17.77,64.16,357,35.84,0.376979936642027,2,"L","H","W","S","T","W-S-H-T-L"
6889500,13.56,-11.67,955,590,0.4,1.5,274,344.6,427,153,19.99,41.89,365,58.11,0.382198952879581,2,"L","H","W","S","T","W-S-H-T-L"
6892000,15.99,-11.79,1016,572,0.5,1.4,254,318.5,366,112,31.73,75.74,444,24.26,0.437007874015748,2,"L","H","W","S","T","W-S-H-T-L"
6903400,16.27,-16.4,1018,531,0.5,1.5,281,319.4,357,76,65.94,63.83,487,36.17,0.478388998035363,5,"L","L","W","S","F","W-S-L-F-L"
6906800,14.13,-11.83,1164,583,0.7,1.2,208,281.2,356,148,33.19,64,581,36,0.49914089347079,2,"L","H","W","S","T","W-S-H-T-L"
6910800,8.18,-11.91,966,593,0.5,1.4,328,390,477,149,40.87,39.87,373,60.13,0.386128364389234,2,"L","H","W","S","T","W-S-H-T-L"
6911900,8,-11.88,965,591,0.5,1.4,319,371,469,150,40.98,32.31,374,67.69,0.387564766839378,2,"L","H","W","S","T","W-S-H-T-L"
6917000,10.62,-11.75,1113,598,0.6,1.3,248,303.3,368,120,52.63,61.13,515,38.87,0.462713387241689,2,"L","H","W","S","F","W-S-H-F-L"
6918460,21.07,-11.88,1179,609,0.8,1.1,273,355.3,444,171,15.67,66.5,570,33.5,0.483460559796438,2,"L","H","W","S","T","W-S-H-T-L"
6919500,29.89,-12.16,1214,600,0.7,1.1,234,293.7,361,127,43.37,70.77,614,29.23,0.505766062602965,2,"L","H","W","S","T","W-S-H-T-L"
6921070,17.07,-11.79,1178,604,0.8,1,282,365.7,468,186,11.63,48.05,574,51.95,0.487266553480475,2,"L","H","W","S","T","W-S-H-T-L"
6921200,15.02,-11.79,1175,601,0.7,1.1,279,333.2,393,114,20.43,74.48,574,25.52,0.488510638297872,2,"L","H","W","S","T","W-S-H-T-L"
6934000,22.5,-11.99,1189,608,0.8,1,177,355.4,524,347,5.18,77.04,581,22.96,0.488645920941968,2,"L","H","W","S","M","W-S-H-M-L"
7014500,25.33,-11.97,1199,610,0.8,1,185,326.6,440,255,5.97,84.11,589,15.89,0.491242702251877,2,"L","H","W","S","T","W-S-H-T-L"
7056000,35.46,-12.31,1297,603,1,0.8,186,457.9,771,585,0.04,20,694,80,0.535080956052429,3,"L","H","W","W","M","W-W-H-M-L"
7057500,25.85,-11.98,1172,633,0.9,0.8,201,332,482,281,5.5,52.58,539,47.42,0.459897610921502,2,"L","H","W","W","T","W-W-H-T-L"
7060710,20.3,-11.84,1344,641,1,0.8,174,297.3,407,233,0,0,703,100,0.523065476190476,3,"L","H","W","W","T","W-W-H-T-L"
7066000,25.78,-11.99,1201,631,0.9,0.9,199,343.4,475,276,6.63,59.8,570,40.2,0.474604496253122,2,"L","H","W","S","T","W-S-H-T-L"
7067000,25.27,-11.96,1238,628,0.9,0.9,141,325.2,475,334,6.3,94.45,610,5.55,0.492730210016155,2,"L","H","W","S","M","W-S-H-M-L"
7068000,24.74,-11.99,1248,631,0.9,0.9,105,304.1,475,370,5.5,90.87,617,9.13,0.494391025641026,2,"L","H","W","S","M","W-S-H-M-L"
7071500,22.94,-12.2,1211,640,0.9,0.9,135,295.6,437,302,15.28,77.78,571,22.22,0.471511147811726,2,"L","H","W","S","T","W-S-H-T-L"
7142300,50.79,-11.02,646,693,0.4,1.6,606,683.1,795,189,98.4,44.95,-47,55.05,-0.0678210678210678,1,"H","H","D","S","F","D-S-H-F-H"
7145700,30.88,-11.6,887,650,0.5,1.4,363,405.9,462,99,92,45.98,237,54.02,0.267192784667418,2,"L","H","M","S","F","M-S-H-F-L"
7148400,40.32,-11.45,691,711,0.5,1.5,401,560,736,335,28.91,65.55,-20,34.45,-0.0281293952180028,2,"H","H","D","S","T","D-S-H-T-H"
7149000,38.45,-11.37,715,695,0.4,1.5,403,561.7,723,320,31.82,64.33,20,35.67,0.027972027972028,2,"L","H","M","S","T","M-S-H-T-L"
7151500,50.15,-11.06,826,667,0.5,1.4,351,468.9,613,262,82.78,45.2,159,54.8,0.192493946731235,1,"H","H","M","S","F","M-S-H-F-H"
7167500,7.76,-12.25,995,623,0.5,1.4,310,383.7,503,193,23.92,7.8,372,92.2,0.373869346733668,3,"L","H","W","S","T","W-S-H-T-L"
7180500,6.09,-12.08,928,618,0.5,1.4,399,439.7,468,69,65.62,65.11,310,34.89,0.334051724137931,2,"L","H","W","S","F","W-S-H-F-L"
7184000,10.64,-11.84,1164,607,0.6,1.1,257,285.3,325,68,90.9,50.18,557,49.82,0.478522336769759,2,"L","H","W","S","F","W-S-H-F-L"
7195800,20.43,-11.79,1259,629,0.8,0.9,372,411,445,73,20,73.33,630,26.67,0.500397140587768,2,"L","H","W","S","T","W-S-H-T-L"
7196900,41.09,-12.61,1329,617,0.8,0.9,314,414.9,549,235,0.49,66.67,712,33.33,0.535741158765989,2,"H","H","W","S","T","W-S-H-T-H"
7197000,29.64,-12.4,1301,629,0.8,0.9,223,353.1,571,348,4.52,40.95,672,59.05,0.51652574942352,2,"L","H","W","S","M","W-S-H-M-L"
7208500,47.88,-12.47,613,625,0.6,1.7,2064,2900,3542,1478,0.22,100,-12,0,-0.0192,2,"H","H","D","S","M","D-S-H-M-H"
7226500,49.15,-12.1,402,784,0.3,1.9,1171,1635.9,2468,1297,26.4,64.21,-382,35.79,-0.487244897959184,2,"H","H","S","S","T","S-S-H-T-H"
7261000,47.8,-15.05,1362,645,1,0.8,137,229,359,222,6.01,27.45,717,72.55,0.526431718061674,6,"H","L","W","W","T","W-W-L-T-H"
7263295,47.28,-15.05,1436,652,1,0.8,131,256.2,415,284,0.44,0,784,100,0.545961002785515,6,"H","L","W","W","T","W-W-L-T-H"
7290650,25.87,-10.9,1502,707,1.1,0.9,33,102.8,163,130,32.16,39.26,795,60.74,0.529294274300932,2,"L","H","W","W","T","W-W-H-T-L"
7291000,33.7,-11.14,1549,709,1.1,0.9,74,134.3,167,93,29.51,77.42,840,22.58,0.542285345384119,2,"L","H","W","W","T","W-W-H-T-L"
7292500,37.32,-11.28,1552,709,1.1,0.9,40,117.9,167,127,23.58,70.95,843,29.05,0.543170103092784,2,"L","H","W","W","T","W-W-H-T-L"
7295000,24.18,-11.43,1615,702,1.1,0.9,39,92.3,146,107,22.65,55.73,913,44.27,0.565325077399381,2,"L","H","W","W","T","W-W-H-T-L"
7299670,35.85,-13.04,625,790,0.6,1.3,447,502.4,590,143,79.98,35.1,-165,64.9,-0.208860759493671,1,"L","L","D","S","F","D-S-L-F-L"
7301410,66.58,-12.72,606,745,0.5,1.4,687,805.9,945,258,31.62,50.07,-139,49.93,-0.186577181208054,1,"H","H","D","S","T","D-S-H-T-H"
7301500,52.64,-11.84,620,753,0.5,1.4,518,819.5,1123,605,44.43,59.69,-133,40.31,-0.176626826029216,1,"H","H","D","S","T","D-S-H-T-H"
7315200,47.93,-13.52,817,742,0.7,1,267,305.6,357,90,60.25,39.94,75,60.06,0.0917992656058751,1,"H","L","M","S","F","M-S-L-F-H"
7315700,42.56,-12.04,901,715,0.7,1,233,289.5,381,148,54.6,30.74,186,69.26,0.206437291897891,1,"H","H","M","S","F","M-S-H-F-H"
7335700,50.54,-11.97,1515,621,0.9,0.8,286,477.7,775,489,0.51,0,894,100,0.59009900990099,3,"H","H","W","W","M","W-W-H-M-H"
7340300,41.24,-15.23,1595,629,1,0.8,258,413.6,651,393,0.08,0,966,100,0.60564263322884,6,"H","L","W","W","M","W-W-L-M-H"
7346045,64.08,-12.6,1269,699,1.1,0.8,61,105.9,167,106,30.29,48.67,570,51.33,0.449172576832151,1,"H","H","W","W","T","W-W-H-T-H"
7359610,30.23,-15.44,1561,657,1,0.8,189,305.1,616,427,2.12,0,904,100,0.579115951313261,6,"L","L","W","W","M","W-W-L-M-L"
7362100,52.25,-11.52,1359,693,1.1,0.8,41,80.1,134,93,44.69,39.98,666,60.02,0.490066225165563,1,"H","H","W","W","T","W-W-H-T-H"
7362587,23.5,-15.05,1536,652,1,0.8,254,359.3,529,275,0,0,884,100,0.575520833333333,6,"L","L","W","W","T","W-W-L-T-L"
7373000,57.98,-13.55,1536,699,1.2,0.8,32,68.4,94,62,53.99,66.33,837,33.67,0.544921875,1,"H","L","W","W","F","W-W-L-F-H"
7375000,53.27,-13.37,1666,706,1,1.1,32,67.6,106,74,80.43,50.59,960,49.41,0.576230492196879,1,"H","L","W","S","F","W-S-L-F-H"
7376000,36.41,-11.44,1681,705,1,1.1,17,79.2,137,120,71.19,46.74,976,53.26,0.580606781677573,1,"L","H","W","S","F","W-S-H-F-L"
8013000,38.78,-13.33,1550,701,1.1,0.9,42,82.7,140,98,75.24,44.29,849,55.71,0.547741935483871,1,"H","L","W","W","F","W-W-L-F-H"
8014500,52.14,-13.35,1607,698,1.1,0.9,24,69.8,138,114,76.67,32.08,909,67.92,0.565650280024891,1,"H","L","W","W","F","W-W-L-F-H"
8023080,46.92,-12.79,1390,710,1.1,0.8,64,92.3,121,57,69.88,52.62,680,47.38,0.489208633093525,1,"H","H","W","W","F","W-W-H-F-H"
8025500,41.72,-12.99,1431,712,1.2,0.8,57,95.3,144,87,46.11,38.3,719,61.7,0.502445842068484,1,"H","L","W","W","T","W-W-L-T-H"
8029500,69.34,-13.14,1497,709,1.1,0.9,53,106.9,176,123,40.11,17.08,788,82.92,0.526386105544422,1,"H","L","W","W","T","W-W-L-T-H"
8050800,63.8,-12.8,1035,693,0.8,0.8,205,239.1,284,79,53.48,43.67,342,56.33,0.330434782608696,1,"H","H","W","S","F","W-S-H-F-H"
8066200,56.37,-12.36,1318,722,1.1,0.9,43,88.3,135,92,37.27,43.03,596,56.97,0.452200303490137,1,"H","H","W","W","T","W-W-H-T-H"
8066300,65.14,-12.24,1382,712,1.1,0.9,35,77.8,138,103,76.52,40.75,670,59.25,0.484804630969609,1,"H","H","W","W","F","W-W-H-F-H"
8070000,61.52,-12.46,1272,718,1.1,0.9,42,98.9,152,110,50.55,53.63,554,46.37,0.435534591194969,1,"H","H","W","W","F","W-W-H-F-H"
8070200,60.51,-12.5,1285,716,1,0.9,27,90.8,152,125,57.27,49.4,569,50.6,0.442801556420233,1,"H","H","W","W","F","W-W-H-F-H"
8079600,53.83,-12.8,511,823,0.5,1.4,684,942.1,1135,451,83.23,56.42,-312,43.58,-0.37910085054678,1,"H","H","S","S","F","S-S-H-F-H"
8082700,27.05,-11.73,663,790,0.6,1.2,420,451.3,495,75,96.69,50.27,-127,49.73,-0.160759493670886,2,"L","H","D","S","F","D-S-H-F-L"
8086212,27.1,-12.58,676,782,0.7,1.1,372,486.3,662,290,27.91,22.2,-106,77.8,-0.135549872122762,3,"L","H","D","S","T","D-S-H-T-L"
8086290,35.23,-13.11,716,777,0.7,1.1,373,459.3,632,259,29.71,32.06,-61,67.94,-0.0785070785070785,5,"L","L","D","S","T","D-S-L-T-L"
8101000,24.91,-12.9,827,754,0.8,1,239,385,544,305,14.39,60.95,73,39.05,0.0882708585247884,2,"L","L","M","S","T","M-S-L-T-L"
8103900,26.69,-12.62,849,758,0.9,0.9,308,373.8,437,129,7.92,89.19,91,10.81,0.10718492343934,2,"L","H","M","S","T","M-S-H-T-L"
8104900,21.93,-12.1,885,758,0.9,0.9,229,347.7,456,227,10.8,53.73,127,46.27,0.143502824858757,2,"L","H","M","S","T","M-S-H-T-L"
8109700,68.33,-12.37,919,756,1,0.8,98,147.1,210,112,50.27,47.83,163,52.17,0.177366702937976,1,"H","H","M","W","F","M-W-H-F-H"
8150800,36.09,-11.85,748,788,0.8,1,394,563.9,688,294,5.5,10.84,-40,89.16,-0.050761421319797,3,"L","H","D","S","T","D-S-H-T-L"
8155200,28.42,-11.79,895,764,0.9,0.9,243,342.8,454,211,0.72,66.67,131,33.33,0.146368715083799,2,"L","H","M","S","T","M-S-H-T-L"
8158700,27.74,-11.8,914,765,0.9,0.9,283,378,508,225,1.86,9.38,149,90.62,0.163019693654267,3,"L","H","M","S","T","M-S-H-T-L"
8158810,29.51,-11.79,902,765,0.9,0.9,280,326.5,370,90,2.37,50,137,50,0.151884700665188,2,"L","H","M","S","T","M-S-H-T-L"
8165300,23.07,-11.79,781,782,0.7,1.1,562,660.6,732,170,5.23,82.35,-1,17.65,-0.00127877237851659,2,"L","H","D","S","T","D-S-H-T-L"
8171300,27.04,-11.74,908,768,0.8,1,219,423.3,613,394,3.38,10.26,140,89.74,0.154185022026432,3,"L","H","M","S","M","M-S-H-M-L"
8190000,18.36,-11.82,668,804,0.6,1.1,588,687.6,738,150,5.79,100,-136,0,-0.169154228855721,2,"L","H","D","S","T","D-S-H-T-L"
8190500,19.67,-11.8,632,809,0.6,1.2,642,694.6,736,94,10.38,72.45,-177,27.55,-0.218788627935723,2,"L","H","D","S","T","D-S-H-T-L"
8267500,59.11,-12.8,633,586,0.8,1.3,2420,3174.3,3862,1442,0,0,47,100,0.0742496050552922,3,"H","H","M","S","M","M-S-H-M-H"
8269000,50.22,-12.64,585,629,0.7,1.4,2295,2927,3793,1498,0,0,-44,100,-0.0699523052464229,3,"H","H","D","S","M","D-S-H-M-H"
8271000,59.46,-13.09,658,576,0.8,1.4,2501,3268.2,3879,1378,0,0,82,100,0.124620060790274,3,"H","L","M","S","M","M-S-L-M-H"
8324000,45.96,-12.42,573,671,0.9,1.4,1730,2596.7,3409,1679,0.5,65.71,-98,34.29,-0.146050670640835,2,"H","H","D","S","M","D-S-H-M-H"
8378500,45.36,-12.44,701,578,0.7,1.5,2315,3083.5,3902,1587,0,0,123,100,0.17546362339515,3,"H","H","M","S","M","M-S-H-M-H"
8380500,42.77,-12.13,623,656,0.6,1.7,2144,2658.8,3511,1367,0,0,-33,100,-0.0503048780487805,3,"H","H","D","S","M","D-S-H-M-H"
9034900,64.69,-14.05,992,493,1.1,0.8,3260,3598,3958,698,0,0,499,100,0.503024193548387,6,"H","L","W","W","M","W-W-L-M-H"
9035800,65.11,-13.52,935,552,1.1,0.7,2774,3337.6,3728,954,0,0,383,100,0.409625668449198,3,"H","L","W","W","M","W-W-L-M-H"
9035900,64.73,-13.94,893,538,1.1,0.8,2751,3359,3880,1129,0,0,355,100,0.397536394176932,6,"H","L","W","W","M","W-W-L-M-H"
9047700,59.76,-14.05,749,546,1,0.9,2915,3320.3,3731,816,0,0,203,100,0.271028037383178,6,"H","L","M","W","M","M-W-L-M-H"
9081600,44.91,-12.99,973,580,1.2,0.6,2130,3107,4092,1962,0,0,393,100,0.403905447070915,3,"H","L","W","W","M","W-W-L-M-H"
9210500,40.33,-12.95,525,597,1.3,0.5,2149,2479.1,3075,926,0,0,-72,100,-0.120603015075377,3,"H","L","D","W","M","D-W-L-M-H"
9223000,42.34,-13.15,654,582,1.3,0.5,2278,2588.7,3001,723,0.05,0,72,100,0.110091743119266,3,"H","L","M","W","M","M-W-L-M-H"
9306242,44.44,-15.3,480,624,0.8,0.8,2025,2301.1,2619,594,0,0,-144,100,-0.230769230769231,6,"H","L","D","S","M","D-S-L-M-H"
9352900,36.62,-13.06,967,561,1.1,0.9,2485,3458.7,4115,1630,0,0,406,100,0.419855222337125,3,"L","L","W","W","M","W-W-L-M-L"
9378170,52.04,-13.32,594,574,1.1,0.8,2228,2632.6,3367,1139,0,0,20,100,0.0336700336700336,3,"H","L","M","W","M","M-W-L-M-H"
9386900,38.77,-12.44,458,757,1,1.3,2123,2424.5,2632,509,1.6,11.76,-299,88.24,-0.394980184940555,3,"H","H","S","S","M","S-S-H-M-H"
9430500,37.03,-12.49,494,777,0.8,1.7,1446,2276.3,3279,1833,0.88,98.72,-283,1.28,-0.364221364221364,2,"L","H","S","S","M","S-S-H-M-L"
9430600,41.74,-12.47,600,727,0.9,1.5,1719,2371.7,3162,1443,0,0,-127,100,-0.174690508940853,3,"H","H","D","S","M","D-S-H-M-H"
9447800,29.21,-12.15,388,874,1,1.4,1102,1599.7,2155,1053,2.98,0,-486,100,-0.556064073226545,3,"L","H","S","S","M","S-S-H-M-L"
9480000,40.18,-11.57,542,868,0.8,2,1422,1551.5,1889,467,0.51,0,-326,100,-0.375576036866359,3,"H","H","S","S","M","S-S-H-M-H"
9484600,43.3,-11.91,488,869,0.9,1.8,985,1407.1,2723,1738,0.83,35.19,-381,64.81,-0.43843498273878,3,"H","H","S","S","M","S-S-H-M-H"
9492400,46.75,-12.47,775,705,1.1,1.3,1871,2579.4,3399,1528,0,0,70,100,0.0903225806451613,3,"H","H","M","S","M","M-S-H-M-H"
9494000,36.29,-12.25,675,753,1.1,1.3,1366,2214.4,3434,2068,0.35,100,-78,0,-0.103585657370518,2,"L","H","D","S","M","D-S-H-M-L"
9497800,34.04,-12.77,574,800,1.2,1.1,1068,1751.9,2297,1229,0,0,-226,100,-0.2825,3,"L","H","D","W","M","D-W-H-M-L"
9497980,33.07,-12.26,616,792,1.3,1,1027,1689.3,2318,1291,0.03,100,-176,0,-0.222222222222222,2,"L","H","D","W","M","D-W-H-M-L"
9505200,21.94,-12.42,639,756,1.3,0.9,1282,1996.7,2541,1259,1.05,82.35,-117,17.65,-0.154761904761905,2,"L","H","D","W","M","D-W-H-M-L"
9505350,29.09,-12.47,609,786,1.3,0.8,1142,1886.9,2356,1214,0.43,100,-177,0,-0.225190839694656,2,"L","H","D","W","M","D-W-H-M-L"
9505800,25.31,-12.12,667,741,1.3,0.9,1137,2023.8,2522,1385,3.63,90.48,-74,9.52,-0.0998650472334683,2,"L","H","D","W","M","D-W-H-M-L"
9512280,37.69,-12.69,464,866,1.4,0.8,703,1144.6,1543,840,0,0,-402,100,-0.464203233256351,3,"L","H","S","W","M","S-W-H-M-L"
9513780,28.01,-12.75,466,854,1.4,0.8,732,1203.6,1674,942,0,0,-388,100,-0.454332552693208,3,"L","H","S","W","M","S-W-H-M-L"
10023000,42.27,-12.38,602,618,1.2,0.5,1969,2254.9,2682,713,0,0,-16,100,-0.0258899676375405,3,"H","H","D","W","M","D-W-H-M-H"
10166430,39.06,-12.39,807,602,1.1,0.5,1741,2306.6,3165,1424,0,0,205,100,0.254027261462206,3,"H","H","M","W","M","M-W-H-M-H"
10172700,38.91,-12.51,572,643,1.2,0.5,1922,2160.9,2503,581,0,0,-71,100,-0.110419906687403,3,"H","H","D","W","M","D-W-H-M-H"
10172800,39.14,-12.21,916,498,1.1,0.6,2033,2565.4,3126,1093,0,0,418,100,0.456331877729258,3,"H","H","W","W","M","W-W-H-M-H"
10173450,39.82,-12.45,642,620,1.2,0.7,2237,2763.7,3377,1140,0.06,100,22,0,0.0342679127725857,2,"H","H","M","W","M","M-W-H-M-H"
10234500,38.37,-12.51,688,651,1.1,0.7,1953,2828.1,3656,1703,0,0,37,100,0.0537790697674418,3,"L","H","M","W","M","M-W-H-M-L"
10242000,36.12,-12.61,663,615,1.2,0.6,1873,2611.1,3242,1369,0,0,48,100,0.0723981900452488,3,"L","H","M","W","M","M-W-H-M-L"
10244950,40.97,-11.84,536,564,1,0.6,2267,2728.2,3302,1035,0,0,-28,100,-0.0496453900709219,3,"H","H","D","W","M","D-W-H-M-H"
10258000,82.88,-14.04,575,821,2,0.1,321,2102.5,3208,2887,0,0,-246,100,-0.299634591961023,3,"H","L","D","W","M","D-W-L-M-H"
10258500,71.39,-13.59,341,879,2.1,0.2,225,1198.5,2408,2183,0,0,-538,100,-0.612059158134243,3,"H","L","S","W","M","S-W-L-M-H"
10259000,79.68,-14.03,416,873,2.1,0.2,302,1398.1,2462,2160,0,0,-457,100,-0.52348224513173,3,"H","L","S","W","M","S-W-L-M-H"
10259200,70.46,-14.05,304,839,2.1,0.2,548,1421.3,2557,2009,0,0,-535,100,-0.637663885578069,3,"H","L","S","W","M","S-W-L-M-H"
10263500,64.18,-13.42,688,661,2,0.1,1277,1951,2781,1504,0,0,27,100,0.0392441860465116,3,"H","L","M","W","M","M-W-L-M-H"
10310500,79.35,-13.89,608,657,1.9,0.2,1567,2081.3,2746,1179,0,0,-49,100,-0.0745814307458144,3,"H","L","D","W","M","D-W-L-M-H"
10329500,30.14,-12.48,520,624,1.5,0.3,1457,1897.8,2833,1376,0,0,-104,100,-0.166666666666667,3,"L","H","D","W","M","D-W-H-M-L"
10336645,67.63,-13.2,1286,625,1.9,0.1,1929,2198.8,2583,654,0,0,661,100,0.513996889580093,6,"H","L","W","W","M","W-W-L-M-H"
10336660,47.74,-12.68,1421,617,1.9,0.1,1913,2221.3,2598,685,0,0,804,100,0.565798733286418,3,"H","H","W","W","M","W-W-H-M-H"
10336740,56.61,-13.15,722,600,1.9,0.2,2100,2377.7,2672,572,0,0,122,100,0.168975069252078,3,"H","L","M","W","M","M-W-L-M-H"
10343500,46.27,-12.57,974,662,1.8,0.1,1949,2171.8,2586,637,0,0,312,100,0.320328542094456,3,"H","H","M","W","M","M-W-H-M-H"
10348850,64.82,-12.89,974,586,1.9,0.1,1992,2631.6,3187,1195,0,0,388,100,0.398357289527721,3,"H","L","W","W","M","W-W-L-M-H"
10396000,33.09,-12.3,631,579,1.4,0.4,1338,1889.5,2911,1573,2.39,0,52,100,0.0824088748019017,3,"L","H","M","W","M","M-W-H-M-L"
11098000,61.86,-14.05,738,728,2,0.1,502,1096.3,1701,1199,0,0,10,100,0.013550135501355,3,"H","L","M","W","M","M-W-L-M-H"
11124500,45.7,-13.51,720,809,2,0,256,1021.1,1956,1700,0,0,-89,100,-0.110012360939431,3,"H","L","D","W","M","D-W-L-M-H"
11141280,30.62,-15.05,701,815,2,0,244,562.2,819,575,0,0,-114,100,-0.139877300613497,6,"L","L","D","W","M","D-W-L-M-L"
11143000,66.24,-13.47,1013,702,2.1,0,141,781.5,1341,1200,0,0,311,100,0.307008884501481,3,"H","L","M","W","M","M-W-L-M-H"
11148900,53.73,-12.76,830,755,2.1,0,279,558.9,1088,809,0.3,0,75,100,0.0903614457831325,3,"H","H","M","W","M","M-W-H-M-H"
11151300,30.33,-13.43,487,918,2,0,147,627.6,1275,1128,0,0,-431,100,-0.469498910675381,3,"L","L","S","W","M","S-W-L-M-L"
11162500,42.45,-13.66,981,629,2.1,0,41,361.8,784,743,0,0,352,100,0.35881753312946,3,"H","L","W","W","M","W-W-L-M-H"
11176400,32.95,-14.24,552,720,1.9,0,262,754.7,1209,947,0,0,-168,100,-0.233333333333333,3,"L","L","D","W","M","D-W-L-M-L"
11180500,23.34,-14.59,558,675,2,0,27,276.2,499,472,0,0,-117,100,-0.173333333333333,6,"L","L","D","W","M","D-W-L-M-L"
11180960,15.78,-12.71,606,664,2,0,141,258.3,537,396,0,0,-58,100,-0.0873493975903614,3,"L","H","D","W","M","D-W-H-M-L"
11224500,35.26,-14.82,485,972,2,0,345,805.3,1456,1111,0,0,-487,100,-0.501028806584362,3,"L","L","S","W","M","S-W-L-M-L"
11230500,65.96,-13.37,757,544,1.8,0.2,2276,3235.6,3982,1706,0,0,213,100,0.281373844121532,3,"H","L","M","W","M","M-W-L-M-H"
11237500,76.86,-13.44,1108,589,1.9,0.1,2185,2446.9,2926,741,0,0,519,100,0.46841155234657,6,"H","L","W","W","M","W-W-L-M-H"
11253310,37.49,-14.12,465,951,2,0,236,785,1517,1281,0,0,-486,100,-0.511041009463722,3,"L","L","S","W","M","S-W-L-M-L"
11264500,77.72,-13.32,994,570,1.9,0.1,1291,2750.7,3795,2504,0,0,424,100,0.426559356136821,3,"H","L","W","W","M","W-W-L-M-H"
11266500,77.98,-13.34,1022,590,1.9,0.1,1206,2585.6,3795,2589,0,0,432,100,0.422700587084149,3,"H","L","W","W","M","W-W-L-M-H"
11274500,37.52,-14.15,459,750,2,0,64,478.3,1122,1058,0.05,0,-291,100,-0.388,3,"L","L","S","W","M","S-W-L-M-L"
11274630,35.76,-14.12,468,744,2,0,80,561.4,1063,983,0,0,-276,100,-0.370967741935484,3,"L","L","S","W","M","S-W-L-M-L"
11284400,36.86,-13.69,1045,733,1.9,0.1,837,973.1,1191,354,0,0,312,100,0.298564593301435,6,"L","L","M","W","M","M-W-L-M-L"
11381500,52.44,-12.48,1308,701,1.8,0.1,133,1209.1,2829,2696,0,0,607,100,0.464067278287462,3,"H","H","W","W","M","W-W-H-M-H"
11383500,54.82,-12.47,1366,684,1.9,0.1,174,1290.4,2329,2155,0,0,682,100,0.499267935578331,3,"H","H","W","W","M","W-W-H-M-H"
11451100,42.63,-14.94,1068,775,2,0.1,502,915.6,1651,1149,0,0,293,100,0.274344569288389,6,"H","L","M","W","M","M-W-L-M-H"
11468500,36.23,-14.99,1321,675,2,0.1,38,294.4,874,836,0,0,646,100,0.489023467070401,6,"L","L","W","W","M","W-W-L-M-L"
11473900,40.34,-13.97,1372,930,2,0.1,320,1129.5,2233,1913,2.02,0,442,100,0.322157434402332,3,"H","L","M","W","M","M-W-L-M-H"
11475560,42.63,-15.05,1928,743,2,0.1,478,856.8,1223,745,0,0,1185,100,0.614626556016598,6,"H","L","W","W","M","W-W-L-M-H"
11476600,38.89,-15.05,1799,567,1.9,0.1,109,488,891,782,0,0,1232,100,0.684824902723735,6,"H","L","V","W","M","V-W-L-M-H"
11478500,35.69,-14.56,1749,736,1.9,0.1,132,935.1,1729,1597,0,0,1013,100,0.579188107489994,6,"L","L","W","W","M","W-W-L-M-L"
11480390,35.53,-14.93,1545,879,2,0.1,825,1138.8,1803,978,0,0,666,100,0.431067961165049,6,"L","L","W","W","M","W-W-L-M-L"
11481200,23.96,-13.82,1608,465,1.9,0.1,32,337.9,1006,974,0,0,1143,100,0.710820895522388,6,"L","L","V","W","M","V-W-L-M-L"
11482500,31.59,-13.58,1707,485,1.9,0.1,12,575.1,1579,1567,0,0,1222,100,0.715875805506737,6,"L","L","V","W","M","V-W-L-M-L"
11522500,48.35,-13.15,1178,611,1.9,0.2,184,1309.9,2531,2347,0,0,567,100,0.481324278438031,3,"H","L","W","W","M","W-W-L-M-H"
11523200,52.32,-13.9,1045,664,1.9,0.2,816,1635.6,2632,1816,0,0,381,100,0.364593301435407,3,"H","L","W","W","M","W-W-L-M-H"
11528700,46.47,-13.34,1427,828,2,0.1,376,1134.3,2321,1945,0.02,0,599,100,0.419761737911703,3,"H","L","W","W","M","W-W-L-M-H"
11532500,34.65,-13.32,2090,423,1.8,0.2,58,780.8,1778,1720,0,0,1667,100,0.797607655502392,4,"L","L","V","W","M","V-W-L-M-L"
12010000,16.57,-12.75,2887,398,1.6,0.3,32,297.5,774,742,0,0,2489,100,0.862140630412193,4,"L","H","V","W","M","V-W-H-M-L"
12013500,15.86,-12.92,2478,407,1.7,0.3,9,222.5,779,770,0.04,0,2071,100,0.835754640839387,4,"L","L","V","W","M","V-W-L-M-L"
12020000,30.3,-12.65,2675,391,1.6,0.3,102,403.9,851,749,0.2,0,2284,100,0.853831775700935,4,"L","H","V","W","M","V-W-H-M-L"
12025000,26.25,-12.74,1672,450,1.6,0.3,61,299.1,1093,1032,5.81,0,1222,100,0.730861244019139,3,"L","H","V","W","M","V-W-H-M-L"
12025700,31.21,-12.51,1846,407,1.6,0.3,261,616,1099,838,0,0,1439,100,0.779523293607801,4,"L","H","V","W","M","V-W-H-M-L"
12035000,36.78,-12.77,2600,407,1.7,0.3,11,228.6,1100,1089,8.25,0,2193,100,0.843461538461538,4,"L","H","V","W","M","V-W-H-M-L"
12040500,23.45,-13.31,3223,384,1.6,0.3,19,475.3,2086,2067,0.35,0,2839,100,0.880856345020168,4,"L","L","V","W","M","V-W-L-M-L"
12041200,24.69,-13.77,3113,391,1.7,0.3,75,753,2310,2235,0.09,0,2722,100,0.874397687118535,4,"L","L","V","W","M","V-W-L-M-L"
12043000,35.08,-13.91,3129,379,1.6,0.3,82,470.5,1095,1013,0.38,0,2750,100,0.878875039948865,4,"L","L","V","W","M","V-W-L-M-L"
12048000,54.13,-13.02,2250,394,1.6,0.3,223,1279.2,2164,1941,0,0,1856,100,0.824888888888889,4,"H","L","V","W","M","V-W-L-M-H"
12054000,57.74,-12.85,2324,375,1.7,0.3,118,1080.3,1926,1808,0,0,1949,100,0.838640275387263,4,"H","L","V","W","M","V-W-L-M-H"
12056500,55.49,-13.13,2850,376,1.7,0.3,271,1011,1775,1504,0,0,2474,100,0.868070175438596,4,"H","L","V","W","M","V-W-L-M-H"
12073500,56.16,-12.78,1456,438,1.7,0.3,35,110.6,158,123,9.26,70,1018,30,0.699175824175824,5,"H","H","V","W","T","V-W-H-T-H"
12082500,71.92,-12.57,2539,385,1.7,0.3,466,1185.4,4209,3743,0.13,0,2154,100,0.848365498227649,4,"H","H","V","W","M","V-W-H-M-H"
12092000,74.09,-12.58,2641,358,1.6,0.3,525,1419.6,4308,3783,0,0,2283,100,0.864445285876562,4,"H","H","V","W","M","V-W-H-M-H"
12095000,48.25,-12.62,1743,394,1.5,0.4,139,680.9,1673,1534,1,0,1349,100,0.773952954675846,4,"H","H","V","W","M","V-W-H-M-H"
12114500,61.71,-12.48,2588,350,1.6,0.3,617,1084.6,1553,936,0,0,2238,100,0.864760432766615,4,"H","H","V","W","M","V-W-H-M-H"
12115000,64.04,-12.54,2588,350,1.6,0.4,497,1022.2,1530,1033,0,0,2238,100,0.864760432766615,4,"H","H","V","W","M","V-W-H-M-H"
12115500,66.9,-12.47,2653,339,1.6,0.4,600,1005,1330,730,0,0,2314,100,0.872220128156804,4,"H","H","V","W","M","V-W-H-M-H"
12117000,63.91,-12.54,2415,360,1.5,0.4,331,714.2,1187,856,0,0,2055,100,0.850931677018633,4,"H","H","V","W","M","V-W-H-M-H"
12141300,64.11,-13.38,2840,343,1.6,0.4,257,1046.3,2058,1801,0,0,2497,100,0.879225352112676,4,"H","L","V","W","M","V-W-L-M-H"
12143600,62.65,-12.95,2737,346,1.6,0.4,187,975.3,1749,1562,0,0,2391,100,0.873584216295214,4,"H","L","V","W","M","V-W-L-M-H"
12144000,61.31,-12.9,2601,356,1.6,0.4,138,837.7,1749,1611,1.04,0,2245,100,0.863129565551711,4,"H","L","V","W","M","V-W-L-M-H"
12145500,36.21,-12.71,2096,377,1.5,0.4,111,476.4,1009,898,0,0,1719,100,0.82013358778626,4,"L","H","V","W","M","V-W-H-M-L"
12147500,53.27,-12.47,2748,352,1.5,0.4,259,799.4,1671,1412,0,0,2396,100,0.871906841339156,4,"H","H","V","W","M","V-W-H-M-H"
12147600,56.07,-12.86,3079,331,1.5,0.4,590,1024.2,1540,950,0,0,2748,100,0.892497564144203,4,"H","L","V","W","M","V-W-L-M-H"
12167000,39.12,-13.16,2461,385,1.6,0.4,34,663.5,1850,1816,0.5,0,2076,100,0.843559528646892,4,"H","L","V","W","M","V-W-L-M-H"
12175500,45.6,-13.62,2040,401,1.7,0.3,425,1568.9,2604,2179,0,0,1639,100,0.80343137254902,4,"H","L","V","W","M","V-W-L-M-H"
12178100,40.6,-13.92,2280,400,1.7,0.4,406,1317.5,2332,1926,0,0,1880,100,0.824561403508772,4,"H","L","V","W","M","V-W-L-M-H"
12186000,68.7,-12.98,2337,373,1.6,0.4,303,1185.5,2109,1806,0,0,1964,100,0.840393667094566,4,"H","L","V","W","M","V-W-L-M-H"
12189500,50.37,-13.16,2139,397,1.7,0.3,97,1159.8,3097,3000,0.21,0,1742,100,0.81439925198691,4,"H","L","V","W","M","V-W-L-M-H"
12358500,36.18,-12.42,1218,446,1.3,0.7,955,1724.4,2874,1919,0.33,0,772,100,0.633825944170772,3,"L","H","W","W","M","W-W-H-M-L"
12374250,34.17,-14.05,805,493,1.2,0.8,987,1424.5,2098,1111,0,0,312,100,0.387577639751553,6,"L","L","W","W","M","W-W-L-M-L"
12375900,32.41,-12.32,1283,449,1.3,0.7,1052,1917.7,2528,1476,0,0,834,100,0.650038971161341,3,"L","H","W","W","M","W-W-H-M-L"
12377150,28.47,-11.83,1471,441,1.4,0.6,1083,2139.5,2738,1655,0,0,1030,100,0.700203942895989,3,"L","H","V","W","M","V-W-H-M-L"
12381400,25.41,-12.69,1085,469,1.4,0.7,1282,1855.6,2338,1056,0,0,616,100,0.567741935483871,3,"L","H","W","W","M","W-W-H-M-L"
12383500,27.11,-12.06,1100,457,1.3,0.7,1156,1902.8,2315,1159,0,0,643,100,0.584545454545454,3,"L","H","W","W","M","W-W-H-M-L"
12388400,32.41,-14.04,965,443,1.3,0.7,1076,1698.6,2250,1174,0,0,522,100,0.540932642487047,6,"L","L","W","W","M","W-W-L-M-L"
12390700,41.21,-13.65,1128,464,1.5,0.5,745,1362,1997,1252,0,0,664,100,0.588652482269504,6,"H","L","W","W","M","W-W-L-M-H"
12411000,30.07,-13.95,1257,447,1.5,0.5,798,1210.9,1757,959,0,0,810,100,0.644391408114559,6,"L","L","W","W","M","W-W-L-M-L"
12414500,17.31,-14.04,1336,459,1.5,0.5,668,1387.8,2230,1562,0,0,877,100,0.656437125748503,6,"L","L","W","W","M","W-W-L-M-L"
12447390,55.1,-14.05,970,415,1.5,0.6,1346,1939.7,2494,1148,0,0,555,100,0.572164948453608,6,"H","L","W","W","M","W-W-L-M-H"
12451000,52.59,-13.77,1635,444,1.8,0.3,356,1533.6,2648,2292,0,0,1191,100,0.728440366972477,6,"H","L","V","W","M","V-W-L-M-H"
12488500,69.43,-12.58,1761,412,1.8,0.3,889,1477.6,2052,1163,0,0,1349,100,0.766042021578649,4,"H","H","V","W","M","V-W-H-M-H"
13011500,63.02,-12.58,917,583,1.3,0.6,2057,2474.6,3053,996,0,0,334,100,0.36423118865867,3,"H","H","W","W","M","W-W-H-M-H"
13011900,46.03,-12.55,886,539,1.3,0.6,2070,2734.4,3397,1327,0.35,0,347,100,0.391647855530474,3,"H","H","W","W","M","W-W-H-M-H"
13023000,41.97,-12.41,865,571,1.3,0.6,1793,2475.7,3337,1544,0,0,294,100,0.339884393063584,3,"H","H","W","W","M","W-W-H-M-H"
13161500,30.04,-12.58,511,622,1.4,0.4,1548,2044.6,2940,1392,1.53,0,-111,100,-0.178456591639871,3,"L","H","D","W","M","D-W-H-M-L"
13240000,37.71,-14.05,1192,570,1.6,0.4,1603,2117.9,2630,1027,0,0,622,100,0.521812080536913,6,"L","L","W","W","M","W-W-L-M-L"
13310700,59.09,-13.82,1123,599,1.6,0.4,1188,1952.5,2717,1529,0.13,0,524,100,0.466607301869991,6,"H","L","W","W","M","W-W-L-M-H"
13331500,33.5,-12.37,1038,543,1.4,0.5,816,1743.1,2673,1857,0,0,495,100,0.476878612716763,3,"L","H","W","W","M","W-W-H-M-L"
13337000,33.86,-13.93,1312,516,1.5,0.5,469,1593.3,2583,2114,0,0,796,100,0.606707317073171,3,"L","L","W","W","M","W-W-L-M-L"
13338500,28.33,-12.85,860,549,1.1,0.7,409,1393.8,2597,2188,0.94,0,311,100,0.361627906976744,3,"L","L","W","W","M","W-W-L-M-L"
13340000,29.13,-12.27,1081,542,1.3,0.6,316,1451.6,2755,2439,0.55,0,539,100,0.498612395929695,3,"L","H","W","W","M","W-W-H-M-L"
13340600,33.79,-14.04,1360,494,1.5,0.5,575,1448.6,2298,1723,0.01,0,866,100,0.636764705882353,6,"L","L","W","W","M","W-W-L-M-L"
14020000,18.59,-12.47,1017,517,1.6,0.4,616,1215,1662,1046,0,0,500,100,0.491642084562439,3,"L","H","W","W","M","W-W-H-M-L"
14092750,67.49,-11.33,1746,475,1.7,0.3,1121,1492.6,2046,925,0,0,1271,100,0.72794959908362,4,"H","H","V","W","M","V-W-H-M-H"
14096850,43.8,-11.47,932,530,1.8,0.3,712,950.2,1667,955,2.68,0,402,100,0.431330472103004,3,"H","H","W","W","M","W-W-H-M-H"
14137000,47.48,-12.23,2284,413,1.7,0.3,249,1022.2,3149,2900,0,0,1871,100,0.819176882661997,4,"H","H","V","W","M","V-W-H-M-H"
14138800,37.75,-11.38,2790,402,1.7,0.3,809,1030.1,1330,521,0,0,2388,100,0.855913978494624,4,"L","H","V","W","M","V-W-H-M-L"
14138870,47.59,-12.47,3042,411,1.7,0.3,568,926.1,1269,701,0,0,2631,100,0.864891518737673,4,"H","H","V","W","M","V-W-H-M-H"
14138900,28.25,-12.47,3250,425,1.7,0.3,415,867.5,1147,732,0,0,2825,100,0.869230769230769,4,"L","H","V","W","M","V-W-H-M-L"
14139800,42.81,-11.42,2898,414,1.6,0.3,399,819.5,1212,813,0,0,2484,100,0.857142857142857,4,"H","H","V","W","M","V-W-H-M-H"
14141500,29.83,-11.69,2667,429,1.6,0.3,286,742,1221,935,0,0,2238,100,0.839145106861642,4,"L","H","V","W","M","V-W-H-M-L"
14154500,29.71,-12.74,1696,499,1.6,0.3,279,873.7,1666,1387,0,0,1197,100,0.705778301886792,3,"L","H","V","W","M","V-W-H-M-L"
14158500,71.09,-11.69,2188,490,1.7,0.3,923,1267,1859,936,0,0,1698,100,0.776051188299817,4,"H","H","V","W","M","V-W-H-M-H"
14166500,18.92,-11.69,1784,506,1.8,0.2,128,262.3,603,475,0,0,1278,100,0.716367713004484,4,"L","H","V","W","M","V-W-H-M-L"
14182500,38.43,-12.09,2300,443,1.7,0.3,232,835.3,1506,1274,0,0,1857,100,0.807391304347826,4,"L","H","V","W","M","V-W-H-M-L"
14185000,22.14,-12.55,2096,474,1.7,0.3,260,904.7,1558,1298,0,0,1622,100,0.773854961832061,4,"L","H","V","W","M","V-W-H-M-L"
14185900,38.41,-12.49,2409,458,1.7,0.3,409,930.8,1404,995,0,0,1951,100,0.809879618098796,4,"L","H","V","W","M","V-W-H-M-L"
14187000,26.76,-12.5,1981,478,1.7,0.3,262,743.3,1302,1040,0,0,1503,100,0.758707723372034,4,"L","H","V","W","M","V-W-H-M-L"
14216500,83.45,-12.47,2639,395,1.8,0.3,348,927.5,2346,1998,0,0,2244,100,0.850322091701402,4,"H","H","V","W","M","V-W-H-M-H"
14222500,24.05,-12.51,2671,438,1.7,0.3,130,584.7,1279,1149,0,0,2233,100,0.836016473231,4,"L","H","V","W","M","V-W-H-M-L"
14236200,30.06,-12.62,2012,407,1.6,0.3,198,677.9,1328,1130,0,0,1605,100,0.797713717693837,4,"L","H","V","W","M","V-W-H-M-L"
14301000,20.89,-12.28,2110,422,1.8,0.3,41,371.2,1036,995,0,0,1688,100,0.8,4,"L","H","V","W","M","V-W-H-M-L"
14303200,36.46,-14.1,2444,393,1.8,0.2,443,650.8,839,396,0,0,2051,100,0.839198036006547,4,"L","L","V","W","M","V-W-L-M-L"
14305500,32.01,-12.19,2447,420,1.8,0.2,46,408.3,1034,988,0,0,2027,100,0.828361258684103,4,"L","H","V","W","M","V-W-H-M-L"
14306340,36.53,-14.6,2309,447,1.8,0.2,270,562,1002,732,0,0,1862,100,0.806409701169337,6,"L","L","V","W","M","V-W-L-M-L"
14306500,32.67,-12.5,2251,454,1.8,0.2,31,338,1207,1176,0,0,1797,100,0.798311861394936,4,"L","H","V","W","M","V-W-H-M-L"
14308990,37.27,-13.68,1346,542,1.8,0.2,588,934.4,1442,854,0,0,804,100,0.597325408618128,6,"L","L","W","W","M","W-W-L-M-L"
14309500,36.44,-13.46,1766,464,1.9,0.2,382,751.1,1212,830,0,0,1302,100,0.737259343148358,6,"L","L","V","W","M","V-W-L-M-L"
14316700,37.43,-12.69,1672,521,1.7,0.3,405,960.5,1752,1347,0,0,1151,100,0.688397129186603,3,"L","H","V","W","M","V-W-H-M-L"
14325000,43.28,-12.43,2297,412,1.8,0.2,80,667.4,1202,1122,0,0,1885,100,0.820635611667392,4,"H","H","V","W","M","V-W-H-M-H"
14362250,35.85,-12.48,1052,600,1.8,0.2,578,990.3,1452,874,0,0,452,100,0.429657794676806,3,"L","H","W","W","M","W-W-H-M-L"
14400000,33.8,-13.81,2056,433,1.8,0.2,44,678,1460,1416,0,0,1623,100,0.789396887159533,4,"L","L","V","W","M","V-W-L-M-L"
